,Run,GlobalPhysicsUpdateRate,GlobalSimStopTime,Cruise_Leg_Time,Num_Legs,WindUpdateRate,Wind_auto_x,Wind_auto_y,Wind_auto_z,Wind_std_x,Wind_std_y,Wind_std_z,Wind_mean_x,Wind_mean_y,Wind_mean_z,AC1_Prop_Diameter,AC1_Mass,AC1_HDG,AC1_Cruise_Speed,AC1_Ini_Pos_x,AC1_Ini_Pos_y,AC1_Ini_Pos_z,AC1_Ini_Vel_x,AC1_Ini_Vel_y,AC1_Ini_Vel_z,AC1_GPS_horizontal_std,AC1_GPS_horizontal_auto,AC1_GPS_vert_std,AC1_GPS_vert_auto,AC1_Ini_Pos_Err_x,AC1_Ini_Pos_Err_y,AC1_Ini_Pos_Err_z,AC1_Ini_Vel_Err_x,AC1_Ini_Vel_Err_y,AC1_Ini_Vel_Err_z,AC1_Ini_RPY_r,AC1_Ini_RPY_p,AC1_Ini_RPY_y,AC1_PhysicsUpdateRate,AC1_Controller_UpdateRate,AC1_Start_Time,AC1_PosUpdateRate,AC1_VelUpdateRate,AC1_AccelUpdateRate,AC1_AirSpdSensorUpdateRate,AC1_TrackingUnit_UpdateRate,AC1_TrackingUnit_Pos_Quant,AC1_TrackingUnit_Vel_Quant,AC1_TrackingUnit_Avail,AC1_Latency,AC2_Prop_Diameter,AC2_Mass,AC2_HDG,AC2_Cruise_Speed,AC2_Ini_Pos_x,AC2_Ini_Pos_y,AC2_Ini_Pos_z,AC2_Ini_Vel_x,AC2_Ini_Vel_y,AC2_Ini_Vel_z,AC2_GPS_horizontal_std,AC2_GPS_horizontal_auto,AC2_GPS_vert_std,AC2_GPS_vert_auto,AC2_Ini_Pos_Err_x,AC2_Ini_Pos_Err_y,AC2_Ini_Pos_Err_z,AC2_Ini_Vel_Err_x,AC2_Ini_Vel_Err_y,AC2_Ini_Vel_Err_z,AC2_Ini_RPY_r,AC2_Ini_RPY_p,AC2_Ini_RPY_y,AC2_PhysicsUpdateRate,AC2_Controller_UpdateRate,AC2_Start_Time,AC2_PosUpdateRate,AC2_VelUpdateRate,AC2_AccelUpdateRate,AC2_AirSpdSensorUpdateRate,AC2_TrackingUnit_UpdateRate,AC2_TrackingUnit_Pos_Quant,AC2_TrackingUnit_Vel_Quant,AC2_TrackingUnit_Avail,AC2_Latency,"Relative Hdg (initial, degrees)"
0,0,240.0,200.0,15.0,5.0,1.0,0.9,0.9,0.0,3.0,3.0,0.0,0.0,0.0,0.0,17.3,8.300018885258096,2.469209630637105,17.510044663263102,548.9185607288591,-437.0161799063373,0.0,0.0,0.0,0.0,5.342399109364969,0.994,3.5,0.994,-13.214359642032408,1.2328678898997751,-5.327176968366733,0.0,0.0,0.0,0.0,0.0,0.0,240.0,120.0,0.0,10.0,10.0,120.0,120.0,2.0,0.0,1.0,0.9,0.5,21.0,7.534959521734212,1.7774100788979459,17.941482131124374,163.7009304306335,-780.9976315277423,0.0,0.0,0.0,0.0,5.342399109364969,0.994,3.5,0.994,-10.653380280497524,-9.250865366123255,-2.0355654767743867,0.0,0.0,0.0,0.0,0.0,0.0,240.0,120.0,0.0,10.0,10.0,120.0,120.0,2.0,0.0,1.0,0.9,0.5,39.63719458369605
1,1,240.0,200.0,15.0,5.0,1.0,0.9,0.9,0.0,3.0,3.0,0.0,0.0,0.0,0.0,20.8,16.73023787970571,3.0296280037169603,8.002639466278916,369.3864164057888,-41.53191517193428,0.0,0.0,0.0,0.0,5.342399109364969,0.994,3.5,0.994,0.42435269125962444,-0.722543564297964,-0.5958892315933639,0.0,0.0,0.0,0.0,0.0,0.0,240.0,120.0,0.0,10.0,10.0,120.0,120.0,2.0,0.0,1.0,0.9,0.5,15.9,7.599200518801872,4.422400144742165,9.352232732178003,116.78427204200167,391.3673801545698,0.0,0.0,0.0,0.0,5.342399109364969,0.994,3.5,0.994,3.585222279564417,-0.48682047031386333,1.1168647424173654,0.0,0.0,0.0,0.0,0.0,0.0,240.0,120.0,0.0,10.0,10.0,120.0,120.0,2.0,0.0,1.0,0.9,0.5,79.7999655041437
2,2,240.0,200.0,15.0,5.0,1.0,0.9,0.9,0.0,3.0,3.0,0.0,0.0,0.0,0.0,12.5,2.9802548027452764,2.660151453597233,19.715597083823226,551.2882330485786,-288.0172502914634,0.0,0.0,0.0,0.0,5.342399109364969,0.994,3.5,0.994,-9.892037328446884,-8.199077126722962,-1.8745917437373079,0.0,0.0,0.0,0.0,0.0,0.0,240.0,120.0,0.0,10.0,10.0,120.0,120.0,2.0,0.0,1.0,0.9,0.5,16.7,9.54468897531701,4.883427339716718,11.954772226095582,-70.50190545088586,408.1720075691523,0.0,0.0,0.0,0.0,5.342399109364969,0.994,3.5,0.994,3.993571558564679,4.084062357449876,-4.029299300061929,0.0,0.0,0.0,0.0,0.0,0.0,240.0,120.0,0.0,10.0,10.0,120.0,120.0,2.0,0.0,1.0,0.9,0.5,127.38432496785474
3,3,240.0,200.0,15.0,5.0,1.0,0.9,0.9,0.0,3.0,3.0,0.0,0.0,0.0,0.0,19.5,7.909412901294717,4.986854391686899,16.67151858113123,-208.41904850814154,740.1992277922549,0.0,0.0,0.0,0.0,5.342399109364969,0.994,3.5,0.994,4.763451874490099,1.4529957084401133,-7.652125137112401,0.0,0.0,0.0,0.0,0.0,0.0,240.0,120.0,0.0,10.0,10.0,120.0,120.0,2.0,0.0,1.0,0.9,0.5,20.3,5.9750009246733,0.02943276760434174,5.543059069257685,-171.5325809603153,-5.050136966900626,0.0,0.0,0.0,0.0,5.342399109364969,0.994,3.5,0.994,-10.628133970966998,0.6389436620160889,-2.1262515421606176,0.0,0.0,0.0,0.0,0.0,0.0,240.0,120.0,0.0,10.0,10.0,120.0,120.0,2.0,0.0,1.0,0.9,0.5,75.96066367317933
4,4,240.0,200.0,15.0,5.0,1.0,0.9,0.9,0.0,3.0,3.0,0.0,0.0,0.0,0.0,25.4,14.977795850722963,0.5966411922831477,8.035832129828606,-250.05868203037545,-169.84416278270362,0.0,0.0,0.0,0.0,5.342399109364969,0.994,3.5,0.994,1.6808430641294185,-0.9098384094481066,-3.8587215219002475,0.0,0.0,0.0,0.0,0.0,0.0,240.0,120.0,0.0,10.0,10.0,120.0,120.0,2.0,0.0,1.0,0.9,0.5,19.7,15.429861873942553,2.8460928547531705,19.84997018992123,461.2481738645757,-140.4095946064231,0.0,0.0,0.0,0.0,5.342399109364969,0.994,3.5,0.994,3.666003511286871,1.6356708243455023,-1.1111369289635313,0.0,0.0,0.0,0.0,0.0,0.0,240.0,120.0,0.0,10.0,10.0,120.0,120.0,2.0,0.0,1.0,0.9,0.5,128.8840864782189
5,5,240.0,200.0,15.0,5.0,1.0,0.9,0.9,0.0,3.0,3.0,0.0,0.0,0.0,0.0,25.3,17.82135135573091,0.12928625889605946,14.428029640562668,-327.8705106257785,-42.62691888281832,0.0,0.0,0.0,0.0,5.342399109364969,0.994,3.5,0.994,4.69750207296971,-5.683063698776186,1.333163734967843,0.0,0.0,0.0,0.0,0.0,0.0,240.0,120.0,0.0,10.0,10.0,120.0,120.0,2.0,0.0,1.0,0.9,0.5,9.3,1.2050149261154515,1.82238616153586,12.437284053025525,135.39626238263853,-526.7597102350913,0.0,0.0,0.0,0.0,5.342399109364969,0.994,3.5,0.994,-17.760883313886904,-0.731404604479285,2.432523400395562,0.0,0.0,0.0,0.0,0.0,0.0,240.0,120.0,0.0,10.0,10.0,120.0,120.0,2.0,0.0,1.0,0.9,0.5,97.00747871527116
6,6,240.0,200.0,15.0,5.0,1.0,0.9,0.9,0.0,3.0,3.0,0.0,0.0,0.0,0.0,23.4,15.967338626183603,1.7011767696041251,7.136020701904309,38.570891581694546,-294.1552150909914,0.0,0.0,0.0,0.0,5.342399109364969,0.994,3.5,0.994,1.5138534288837253,1.8481000001611838,5.810146784364239,0.0,0.0,0.0,0.0,0.0,0.0,240.0,120.0,0.0,10.0,10.0,120.0,120.0,2.0,0.0,1.0,0.9,0.5,25.0,18.051084787029854,3.4731397843742666,10.306423430196773,396.30293891909685,136.4290426258938,0.0,0.0,0.0,0.0,5.342399109364969,0.994,3.5,0.994,-4.411296975580132,2.074002482554929,-1.5235761105160577,0.0,0.0,0.0,0.0,0.0,0.0,240.0,120.0,0.0,10.0,10.0,120.0,120.0,2.0,0.0,1.0,0.9,0.5,101.52600219960665
7,7,240.0,200.0,15.0,5.0,1.0,0.9,0.9,0.0,3.0,3.0,0.0,0.0,0.0,0.0,12.0,3.653905809971477,2.4617863078855606,8.292848160124507,153.67154204435664,-124.21902856207124,0.0,0.0,0.0,0.0,5.342399109364969,0.994,3.5,0.994,-12.264937621522058,-0.2992846609816136,4.2975920461354695,0.0,0.0,0.0,0.0,0.0,0.0,240.0,120.0,0.0,10.0,10.0,120.0,120.0,2.0,0.0,1.0,0.9,0.5,26.5,15.519467817000647,4.542376745059273,13.266060333437226,95.56329636700131,556.6704742936671,0.0,0.0,0.0,0.0,5.342399109364969,0.994,3.5,0.994,6.707008626863037,0.2941483259336163,-3.188830929311731,0.0,0.0,0.0,0.0,0.0,0.0,240.0,120.0,0.0,10.0,10.0,120.0,120.0,2.0,0.0,1.0,0.9,0.5,119.20905094533258
8,8,240.0,200.0,15.0,5.0,1.0,0.9,0.9,0.0,3.0,3.0,0.0,0.0,0.0,0.0,16.6,4.307318394042312,1.9863828717464185,7.336075302273236,123.09210343592729,-278.937425702363,0.0,0.0,0.0,0.0,5.342399109364969,0.994,3.5,0.994,-2.051605428546572,9.261220413329102,-2.5478102779584293,0.0,0.0,0.0,0.0,0.0,0.0,240.0,120.0,0.0,10.0,10.0,120.0,120.0,2.0,0.0,1.0,0.9,0.5,25.0,15.27560059960376,2.330659983994436,11.104583645285135,208.484546540786,-219.41307632097062,0.0,0.0,0.0,0.0,5.342399109364969,0.994,3.5,0.994,1.5993324352810765,-0.16610548114079238,4.491256679193121,0.0,0.0,0.0,0.0,0.0,0.0,240.0,120.0,0.0,10.0,10.0,120.0,120.0,2.0,0.0,1.0,0.9,0.5,19.725625514763124
9,9,240.0,200.0,15.0,5.0,1.0,0.9,0.9,0.0,3.0,3.0,0.0,0.0,0.0,0.0,16.0,8.69924909094368,5.191467929561977,9.699721841892941,-140.27078842544753,270.0419585251842,0.0,0.0,0.0,0.0,5.342399109364969,0.994,3.5,0.994,8.167246389613158,-1.7108583088048368,4.420887382283765,0.0,0.0,0.0,0.0,0.0,0.0,240.0,120.0,0.0,10.0,10.0,120.0,120.0,2.0,0.0,1.0,0.9,0.5,27.2,18.017496889122793,1.9361816783759862,18.244486750229356,190.20379297031272,-497.18196354279297,0.0,0.0,0.0,0.0,5.342399109364969,0.994,3.5,0.994,0.640908027567667,-0.7886965517032304,-2.520904123337723,0.0,0.0,0.0,0.0,0.0,0.0,240.0,120.0,0.0,10.0,10.0,120.0,120.0,2.0,0.0,1.0,0.9,0.5,173.48583670007912
10,10,240.0,200.0,15.0,5.0,1.0,0.9,0.9,0.0,3.0,3.0,0.0,0.0,0.0,0.0,21.1,11.688172317413786,5.993925600150976,19.306062341241603,-572.4687714183156,170.37056955617325,0.0,0.0,0.0,0.0,5.342399109364969,0.994,3.5,0.994,3.738646773066348,-9.593301416449561,-3.3327465734586363,0.0,0.0,0.0,0.0,0.0,0.0,240.0,120.0,0.0,10.0,10.0,120.0,120.0,2.0,0.0,1.0,0.9,0.5,13.0,4.398164871438931,3.7428912456396235,5.386508282231305,152.70515236743438,104.7625900352552,0.0,0.0,0.0,0.0,5.342399109364969,0.994,3.5,0.994,2.7879941629695315,5.740590843443581,6.9066529858683126,0.0,0.0,0.0,0.0,0.0,0.0,240.0,120.0,0.0,10.0,10.0,120.0,120.0,2.0,0.0,1.0,0.9,0.5,128.97476805245606
11,11,240.0,200.0,15.0,5.0,1.0,0.9,0.9,0.0,3.0,3.0,0.0,0.0,0.0,0.0,27.6,17.17582667754336,3.479099455414249,10.259600223322055,422.12818784576234,148.1392063020554,0.0,0.0,0.0,0.0,5.342399109364969,0.994,3.5,0.994,3.814392168142063,-0.3815816753646541,4.912041669184268,0.0,0.0,0.0,0.0,0.0,0.0,240.0,120.0,0.0,10.0,10.0,120.0,120.0,2.0,0.0,1.0,0.9,0.5,16.3,4.680773825071135,1.8532052895135496,15.684748191634913,156.7086540311892,-540.0687061194162,0.0,0.0,0.0,0.0,5.342399109364969,0.994,3.5,0.994,-7.4767713705312175,0.6456243583833616,9.894823014466343,0.0,0.0,0.0,0.0,0.0,0.0,240.0,120.0,0.0,10.0,10.0,120.0,120.0,2.0,0.0,1.0,0.9,0.5,93.15687364105337
12,12,240.0,200.0,15.0,5.0,1.0,0.9,0.9,0.0,3.0,3.0,0.0,0.0,0.0,0.0,29.6,18.032092273908702,2.8520798969630494,9.134287729321215,397.2502315355473,-118.33378530706322,0.0,0.0,0.0,0.0,5.342399109364969,0.994,3.5,0.994,-1.1955716719975424,-4.651163602189615,-1.1604356129734341,0.0,0.0,0.0,0.0,0.0,0.0,240.0,120.0,0.0,10.0,10.0,120.0,120.0,2.0,0.0,1.0,0.9,0.5,12.8,5.010001124074747,4.408709489397249,6.201572030330429,81.06131794213486,258.674049709294,0.0,0.0,0.0,0.0,5.342399109364969,0.994,3.5,0.994,-2.8959781308182952,0.47608547186183525,-2.0085439253523982,0.0,0.0,0.0,0.0,0.0,0.0,240.0,120.0,0.0,10.0,10.0,120.0,120.0,2.0,0.0,1.0,0.9,0.5,89.1883059116491
13,13,240.0,200.0,15.0,5.0,1.0,0.9,0.9,0.0,3.0,3.0,0.0,0.0,0.0,0.0,20.9,10.784936241893877,4.715243589890003,11.21624266329432,-1.1967678165422622,419.23932628068457,0.0,0.0,0.0,0.0,5.342399109364969,0.994,3.5,0.994,-1.6146533740250584,0.48292660852895103,3.1031132926695455,0.0,0.0,0.0,0.0,0.0,0.0,240.0,120.0,0.0,10.0,10.0,120.0,120.0,2.0,0.0,1.0,0.9,0.5,21.3,14.482992349338552,5.8421995470778905,18.33116252366673,-407.7559540458094,192.45482654931888,0.0,0.0,0.0,0.0,5.342399109364969,0.994,3.5,0.994,-2.5261416448735763,-11.733228845176331,2.8775229789161254,0.0,0.0,0.0,0.0,0.0,0.0,240.0,120.0,0.0,10.0,10.0,120.0,120.0,2.0,0.0,1.0,0.9,0.5,64.56982004399185
14,14,240.0,200.0,15.0,5.0,1.0,0.9,0.9,0.0,3.0,3.0,0.0,0.0,0.0,0.0,28.2,17.587283239856262,4.777437605857431,19.2329275464851,-47.52704551578518,729.6079225256686,0.0,0.0,0.0,0.0,5.342399109364969,0.994,3.5,0.994,-0.9191882891612958,-3.3777236983376144,0.5092092229661642,0.0,0.0,0.0,0.0,0.0,0.0,240.0,120.0,0.0,10.0,10.0,120.0,120.0,2.0,0.0,1.0,0.9,0.5,27.8,15.955764706274149,3.954462399084606,11.745388295740083,267.52207094042427,282.63968808897584,0.0,0.0,0.0,0.0,5.342399109364969,0.994,3.5,0.994,8.722440386506204,-3.4823263513907214,1.5531371476933837,0.0,0.0,0.0,0.0,0.0,0.0,240.0,120.0,0.0,10.0,10.0,120.0,120.0,2.0,0.0,1.0,0.9,0.5,47.1530059919891
15,15,240.0,200.0,15.0,5.0,1.0,0.9,0.9,0.0,3.0,3.0,0.0,0.0,0.0,0.0,19.8,11.040181123098435,5.444582937577836,7.180077332166729,-163.08412121305514,181.43109457875266,0.0,0.0,0.0,0.0,5.342399109364969,0.994,3.5,0.994,8.552924507015616,3.7805961751950035,4.037826049250319,0.0,0.0,0.0,0.0,0.0,0.0,240.0,120.0,0.0,10.0,10.0,120.0,120.0,2.0,0.0,1.0,0.9,0.5,18.7,12.168744776424763,2.869240635067302,12.449050609518936,526.3487988855218,-147.00498844885476,0.0,0.0,0.0,0.0,5.342399109364969,0.994,3.5,0.994,5.600019647134507,0.21058718864214016,2.921670158812936,0.0,0.0,0.0,0.0,0.0,0.0,240.0,120.0,0.0,10.0,10.0,120.0,120.0,2.0,0.0,1.0,0.9,0.5,147.55624473535735
16,16,240.0,200.0,15.0,5.0,1.0,0.9,0.9,0.0,3.0,3.0,0.0,0.0,0.0,0.0,29.9,17.71647157660151,5.879430544774796,12.061682792763156,-466.28146405754586,199.2076666487346,0.0,0.0,0.0,0.0,5.342399109364969,0.994,3.5,0.994,-5.069399462662151,0.34055426083618595,-6.0197979600312,0.0,0.0,0.0,0.0,0.0,0.0,240.0,120.0,0.0,10.0,10.0,120.0,120.0,2.0,0.0,1.0,0.9,0.5,26.5,13.659817532590376,1.2092446925472595,17.11923628957239,-290.95699528829766,-769.3705847020244,0.0,0.0,0.0,0.0,5.342399109364969,0.994,3.5,0.994,3.3856880119196533,4.328018816553565,-4.540551342465532,0.0,0.0,0.0,0.0,0.0,0.0,240.0,120.0,0.0,10.0,10.0,120.0,120.0,2.0,0.0,1.0,0.9,0.5,92.41806112565462
17,17,240.0,200.0,15.0,5.0,1.0,0.9,0.9,0.0,3.0,3.0,0.0,0.0,0.0,0.0,17.6,4.765412825418979,5.78672547910204,7.624661545239383,-235.56142017952428,127.60706524613701,0.0,0.0,0.0,0.0,5.342399109364969,0.994,3.5,0.994,-2.310034575922265,-0.5066890393722548,-2.7761082734316145,0.0,0.0,0.0,0.0,0.0,0.0,240.0,120.0,0.0,10.0,10.0,120.0,120.0,2.0,0.0,1.0,0.9,0.5,19.7,9.86812486826494,0.9279498316691159,6.348268521362568,-159.1363339652916,-212.471400391168,0.0,0.0,0.0,0.0,5.342399109364969,0.994,3.5,0.994,-7.719280582767434,-3.4075580995642785,7.818834745265213,0.0,0.0,0.0,0.0,0.0,0.0,240.0,120.0,0.0,10.0,10.0,120.0,120.0,2.0,0.0,1.0,0.9,0.5,81.61266180114937
18,18,240.0,200.0,15.0,5.0,1.0,0.9,0.9,0.0,3.0,3.0,0.0,0.0,0.0,0.0,23.9,19.830780295244764,4.92923421338243,10.821125275480302,-113.3356054109316,514.4387695983914,0.0,0.0,0.0,0.0,5.342399109364969,0.994,3.5,0.994,-1.6601441299244397,-4.509526414153956,-3.3745881349775186,0.0,0.0,0.0,0.0,0.0,0.0,240.0,120.0,0.0,10.0,10.0,120.0,120.0,2.0,0.0,1.0,0.9,0.5,21.3,9.5846794434858,4.349078293146362,15.583539037414663,202.20262887578212,531.8500016706819,0.0,0.0,0.0,0.0,5.342399109364969,0.994,3.5,0.994,-2.8767386642783452,6.854607275731699,0.7267358440115335,0.0,0.0,0.0,0.0,0.0,0.0,240.0,120.0,0.0,10.0,10.0,120.0,120.0,2.0,0.0,1.0,0.9,0.5,33.24048568905515
19,19,240.0,200.0,15.0,5.0,1.0,0.9,0.9,0.0,3.0,3.0,0.0,0.0,0.0,0.0,24.1,9.716458419748621,0.6825664010478539,6.567815917603491,-223.99841331410494,-182.09164057187778,0.0,0.0,0.0,0.0,5.342399109364969,0.994,3.5,0.994,2.1241009507107957,-7.929539583706594,-0.8493469447744858,0.0,0.0,0.0,0.0,0.0,0.0,240.0,120.0,0.0,10.0,10.0,120.0,120.0,2.0,0.0,1.0,0.9,0.5,28.5,21.79030306262085,0.6192442298985676,19.244914661639086,-690.0986964797886,-491.8807240120124,0.0,0.0,0.0,0.0,5.342399109364969,0.994,3.5,0.994,-1.9877177141129896,4.700173551479104,1.9609370449567627,0.0,0.0,0.0,0.0,0.0,0.0,240.0,120.0,0.0,10.0,10.0,120.0,120.0,2.0,0.0,1.0,0.9,0.5,3.6280931564591805
20,20,240.0,200.0,15.0,5.0,1.0,0.9,0.9,0.0,3.0,3.0,0.0,0.0,0.0,0.0,12.1,4.112176225955541,3.2710076512729502,16.993664652814402,447.4938100939505,58.23790147936911,0.0,0.0,0.0,0.0,5.342399109364969,0.994,3.5,0.994,5.11009042923552,-0.22009849442663204,-1.4982562636700967,0.0,0.0,0.0,0.0,0.0,0.0,240.0,120.0,0.0,10.0,10.0,120.0,120.0,2.0,0.0,1.0,0.9,0.5,24.3,10.300523597829555,3.0661987953214282,10.815584800631934,286.05058199560267,-21.607413089068753,0.0,0.0,0.0,0.0,5.342399109364969,0.994,3.5,0.994,4.787625427978937,0.21280834846228322,4.079166411305983,0.0,0.0,0.0,0.0,0.0,0.0,240.0,120.0,0.0,10.0,10.0,120.0,120.0,2.0,0.0,1.0,0.9,0.5,11.734683052925034
21,21,240.0,200.0,15.0,5.0,1.0,0.9,0.9,0.0,3.0,3.0,0.0,0.0,0.0,0.0,22.1,16.674015929236994,2.071396730006088,16.234086940705964,259.71926085115024,-474.73523312211074,0.0,0.0,0.0,0.0,5.342399109364969,0.994,3.5,0.994,0.002067312107997928,-1.391670217159428,2.038706458623756,0.0,0.0,0.0,0.0,0.0,0.0,240.0,120.0,0.0,10.0,10.0,120.0,120.0,2.0,0.0,1.0,0.9,0.5,18.3,9.273368507656363,5.833087775164673,15.733616790695834,-560.6227693750617,270.8791093330505,0.0,0.0,0.0,0.0,5.342399109364969,0.994,3.5,0.994,3.1135471337672014,-4.091143771215322,2.3761681728036423,0.0,0.0,0.0,0.0,0.0,0.0,240.0,120.0,0.0,10.0,10.0,120.0,120.0,2.0,0.0,1.0,0.9,0.5,144.47097928025752
22,22,240.0,200.0,15.0,5.0,1.0,0.9,0.9,0.0,3.0,3.0,0.0,0.0,0.0,0.0,22.5,11.083467689968241,2.577672667400754,10.749374779425695,228.02276989267096,-144.2070300989159,0.0,0.0,0.0,0.0,5.342399109364969,0.994,3.5,0.994,8.555817436892163,10.120222659694639,2.4416544921243184,0.0,0.0,0.0,0.0,0.0,0.0,240.0,120.0,0.0,10.0,10.0,120.0,120.0,2.0,0.0,1.0,0.9,0.5,25.1,23.26805145946831,4.928727445294478,19.46065654252721,-146.90146528116387,668.4086697083795,0.0,0.0,0.0,0.0,5.342399109364969,0.994,3.5,0.994,-7.118024375827885,0.3729994934245603,-6.261382359848004,0.0,0.0,0.0,0.0,0.0,0.0,240.0,120.0,0.0,10.0,10.0,120.0,120.0,2.0,0.0,1.0,0.9,0.5,134.70551617737755
23,23,240.0,200.0,15.0,5.0,1.0,0.9,0.9,0.0,3.0,3.0,0.0,0.0,0.0,0.0,19.4,8.875059824877063,3.1028691922476224,13.992263009433985,411.62293920036683,-15.947436865494998,0.0,0.0,0.0,0.0,5.342399109364969,0.994,3.5,0.994,-3.5117571977641306,-6.549697442114275,1.055515265740698,0.0,0.0,0.0,0.0,0.0,0.0,240.0,120.0,0.0,10.0,10.0,120.0,120.0,2.0,0.0,1.0,0.9,0.5,27.6,14.77336600169507,2.1168449138053207,19.12263431721643,459.9809177769007,-756.9439825609812,0.0,0.0,0.0,0.0,5.342399109364969,0.994,3.5,0.994,-4.417100051316579,-1.9067085155102104,-1.4306432474825461,0.0,0.0,0.0,0.0,0.0,0.0,240.0,120.0,0.0,10.0,10.0,120.0,120.0,2.0,0.0,1.0,0.9,0.5,56.495029652176214
24,24,240.0,200.0,15.0,5.0,1.0,0.9,0.9,0.0,3.0,3.0,0.0,0.0,0.0,0.0,12.9,3.927060053939452,3.3651694554555953,14.16795349817608,312.71481499125474,71.10450236815143,0.0,0.0,0.0,0.0,5.342399109364969,0.994,3.5,0.994,12.232902937706157,4.961035485890707,-2.5790664390470437,0.0,0.0,0.0,0.0,0.0,0.0,240.0,120.0,0.0,10.0,10.0,120.0,120.0,2.0,0.0,1.0,0.9,0.5,22.2,10.806397012201256,1.1472386960157712,19.06892329140512,-178.95426839648047,-396.9295072777427,0.0,0.0,0.0,0.0,5.342399109364969,0.994,3.5,0.994,-0.05905254023639085,11.502827567607577,6.923532238524471,0.0,0.0,0.0,0.0,0.0,0.0,240.0,120.0,0.0,10.0,10.0,120.0,120.0,2.0,0.0,1.0,0.9,0.5,127.0780717681474
25,25,240.0,200.0,15.0,5.0,1.0,0.9,0.9,0.0,3.0,3.0,0.0,0.0,0.0,0.0,17.7,9.287456403111625,0.46660041000448477,18.862628593611802,-711.9822382397163,-358.6229397246964,0.0,0.0,0.0,0.0,5.342399109364969,0.994,3.5,0.994,8.81154164801344,8.296279424869507,-0.062472189959339244,0.0,0.0,0.0,0.0,0.0,0.0,240.0,120.0,0.0,10.0,10.0,120.0,120.0,2.0,0.0,1.0,0.9,0.5,18.5,10.310639887683438,5.260811123088906,9.286608163782567,-192.6072223356135,315.26561780554044,0.0,0.0,0.0,0.0,5.342399109364969,0.994,3.5,0.994,4.418958084524077,2.7636393125129852,-3.005973233506678,0.0,0.0,0.0,0.0,0.0,0.0,240.0,120.0,0.0,10.0,10.0,120.0,120.0,2.0,0.0,1.0,0.9,0.5,85.31196004385785
26,26,240.0,200.0,15.0,5.0,1.0,0.9,0.9,0.0,3.0,3.0,0.0,0.0,0.0,0.0,22.4,17.948098937600943,1.4195513925096641,14.384618093508962,-107.04588455176066,-702.3601262692117,0.0,0.0,0.0,0.0,5.342399109364969,0.994,3.5,0.994,6.382453410755024,8.97105741164114,3.087419332634487,0.0,0.0,0.0,0.0,0.0,0.0,240.0,120.0,0.0,10.0,10.0,120.0,120.0,2.0,0.0,1.0,0.9,0.5,16.8,6.25766043009706,5.120550637604949,10.26061028403526,-101.45158659893372,234.59871006674865,0.0,0.0,0.0,0.0,5.342399109364969,0.994,3.5,0.994,1.0436693022915058,-2.1759232202104317,-3.392691092981618,0.0,0.0,0.0,0.0,0.0,0.0,240.0,120.0,0.0,10.0,10.0,120.0,120.0,2.0,0.0,1.0,0.9,0.5,147.94836327493644
27,27,240.0,200.0,15.0,5.0,1.0,0.9,0.9,0.0,3.0,3.0,0.0,0.0,0.0,0.0,26.5,22.309839413211748,5.629652865110067,19.063821048091988,-642.9653130958629,492.3785346588121,0.0,0.0,0.0,0.0,5.342399109364969,0.994,3.5,0.994,-3.7171816207634154,-2.3534910965038214,-4.652388701200727,0.0,0.0,0.0,0.0,0.0,0.0,240.0,120.0,0.0,10.0,10.0,120.0,120.0,2.0,0.0,1.0,0.9,0.5,27.9,24.742555383542168,2.4635249541365067,17.900055668887987,288.66334023711966,-232.50979377928897,0.0,0.0,0.0,0.0,5.342399109364969,0.994,3.5,0.994,3.8222743587469483,5.119245306406727,3.1151812801752783,0.0,0.0,0.0,0.0,0.0,0.0,240.0,120.0,0.0,10.0,10.0,120.0,120.0,2.0,0.0,1.0,0.9,0.5,178.59423330264286
28,28,240.0,200.0,15.0,5.0,1.0,0.9,0.9,0.0,3.0,3.0,0.0,0.0,0.0,0.0,29.4,20.491049133830195,4.966454401707134,12.119732960805772,-82.94620120106372,319.4207557517232,0.0,0.0,0.0,0.0,5.342399109364969,0.994,3.5,0.994,1.5620768810941332,8.428394117565853,5.43333877985709,0.0,0.0,0.0,0.0,0.0,0.0,240.0,120.0,0.0,10.0,10.0,120.0,120.0,2.0,0.0,1.0,0.9,0.5,26.1,19.38090421718971,1.2189929543706282,7.211235779143372,-124.19296447216867,-338.3326825391738,0.0,0.0,0.0,0.0,5.342399109364969,0.994,3.5,0.994,5.144557728251742,3.3468829196357777,-1.389446697790148,0.0,0.0,0.0,0.0,0.0,0.0,240.0,120.0,0.0,10.0,10.0,120.0,120.0,2.0,0.0,1.0,0.9,0.5,145.2862751796312
29,29,240.0,200.0,15.0,5.0,1.0,0.9,0.9,0.0,3.0,3.0,0.0,0.0,0.0,0.0,20.8,15.85919917681751,2.5428444850109884,17.792457495665992,537.1323227583007,-366.48572616052303,0.0,0.0,0.0,0.0,5.342399109364969,0.994,3.5,0.994,-8.813236253837323,0.19932058850287673,-0.8519040664923023,0.0,0.0,0.0,0.0,0.0,0.0,240.0,120.0,0.0,10.0,10.0,120.0,120.0,2.0,0.0,1.0,0.9,0.5,8.2,0.6193594292077682,4.58166019588177,7.501770107483548,28.72028557071525,218.4407124325439,0.0,0.0,0.0,0.0,5.342399109364969,0.994,3.5,0.994,-4.556759692988679,8.373071339662973,4.135340163098073,0.0,0.0,0.0,0.0,0.0,0.0,240.0,120.0,0.0,10.0,10.0,120.0,120.0,2.0,0.0,1.0,0.9,0.5,116.81553543786048
30,30,240.0,200.0,15.0,5.0,1.0,0.9,0.9,0.0,3.0,3.0,0.0,0.0,0.0,0.0,24.0,18.459890505564186,3.4303346252240123,13.665277891671773,414.0440982519347,122.98900208602679,0.0,0.0,0.0,0.0,5.342399109364969,0.994,3.5,0.994,-7.592873377846684,-6.455121443254386,-0.9263332275671725,0.0,0.0,0.0,0.0,0.0,0.0,240.0,120.0,0.0,10.0,10.0,120.0,120.0,2.0,0.0,1.0,0.9,0.5,27.3,16.214510772498905,2.963745554542321,14.81829900878295,451.79266959670184,-81.208018643647,0.0,0.0,0.0,0.0,5.342399109364969,0.994,3.5,0.994,1.497253633783297,9.278099929171852,4.211515509009098,0.0,0.0,0.0,0.0,0.0,0.0,240.0,120.0,0.0,10.0,10.0,120.0,120.0,2.0,0.0,1.0,0.9,0.5,26.733584516992178
31,31,240.0,200.0,15.0,5.0,1.0,0.9,0.9,0.0,3.0,3.0,0.0,0.0,0.0,0.0,20.7,15.239515710757384,2.8332590150197787,12.969733935647156,568.803181102442,-181.15877205102112,0.0,0.0,0.0,0.0,5.342399109364969,0.994,3.5,0.994,-4.355031187418231,-0.9670239166425939,-2.807319599642244,0.0,0.0,0.0,0.0,0.0,0.0,240.0,120.0,0.0,10.0,10.0,120.0,120.0,2.0,0.0,1.0,0.9,0.5,18.9,10.41441359991624,5.955274633805886,5.443544962697811,-252.62670473023724,85.94160422074167,0.0,0.0,0.0,0.0,5.342399109364969,0.994,3.5,0.994,-8.579334042481515,-1.7072112944022881,-0.583803543675074,0.0,0.0,0.0,0.0,0.0,0.0,240.0,120.0,0.0,10.0,10.0,120.0,120.0,2.0,0.0,1.0,0.9,0.5,178.87831853036786
32,32,240.0,200.0,15.0,5.0,1.0,0.9,0.9,0.0,3.0,3.0,0.0,0.0,0.0,0.0,18.7,5.613378941246632,5.351878165786667,8.973433568454144,-191.26799176036775,257.1669987720744,0.0,0.0,0.0,0.0,5.342399109364969,0.994,3.5,0.994,-0.46967689884530234,3.3150447923723454,6.422448832464841,0.0,0.0,0.0,0.0,0.0,0.0,240.0,120.0,0.0,10.0,10.0,120.0,120.0,2.0,0.0,1.0,0.9,0.5,21.4,17.228000743771798,0.8138442682144162,5.857908437059221,-82.0383289427552,-86.8436598962003,0.0,0.0,0.0,0.0,5.342399109364969,0.994,3.5,0.994,-3.476983011848325,2.659766746755013,-0.3694935157827011,0.0,0.0,0.0,0.0,0.0,0.0,240.0,120.0,0.0,10.0,10.0,120.0,120.0,2.0,0.0,1.0,0.9,0.5,99.9898103818067
33,33,240.0,200.0,15.0,5.0,1.0,0.9,0.9,0.0,3.0,3.0,0.0,0.0,0.0,0.0,21.7,17.989610538360676,1.2563973623299671,12.567707839387943,-178.76054558625327,-549.7200011601743,0.0,0.0,0.0,0.0,5.342399109364969,0.994,3.5,0.994,7.546002745551561,-3.163687699318356,-2.1228170024139272,0.0,0.0,0.0,0.0,0.0,0.0,240.0,120.0,0.0,10.0,10.0,120.0,120.0,2.0,0.0,1.0,0.9,0.5,8.2,1.0928985227309915,5.107290068037009,19.21912170424494,-308.5521391742486,740.2958220122696,0.0,0.0,0.0,0.0,5.342399109364969,0.994,3.5,0.994,4.859965102242241,2.6457193824462126,8.205173970972671,0.0,0.0,0.0,0.0,0.0,0.0,240.0,120.0,0.0,10.0,10.0,120.0,120.0,2.0,0.0,1.0,0.9,0.5,139.36010060527232
34,34,240.0,200.0,15.0,5.0,1.0,0.9,0.9,0.0,3.0,3.0,0.0,0.0,0.0,0.0,18.8,10.847060149009508,2.2776277109379452,17.76464778156781,471.4332096536717,-552.0075067977764,0.0,0.0,0.0,0.0,5.342399109364969,0.994,3.5,0.994,2.96990294459745,0.09427318489978503,3.966446799058626,0.0,0.0,0.0,0.0,0.0,0.0,240.0,120.0,0.0,10.0,10.0,120.0,120.0,2.0,0.0,1.0,0.9,0.5,27.1,17.50806205670192,0.5207052293692098,17.27569592768976,-729.1656258303639,-418.17548841052957,0.0,0.0,0.0,0.0,5.342399109364969,0.994,3.5,0.994,-2.2665430676581257,-3.027987536996619,1.7422088375362184,0.0,0.0,0.0,0.0,0.0,0.0,240.0,120.0,0.0,10.0,10.0,120.0,120.0,2.0,0.0,1.0,0.9,0.5,100.6642431255397
35,35,240.0,200.0,15.0,5.0,1.0,0.9,0.9,0.0,3.0,3.0,0.0,0.0,0.0,0.0,27.6,22.00474222382805,5.529466641563893,8.864634669585746,-156.72880943962366,147.10043050769198,0.0,0.0,0.0,0.0,5.342399109364969,0.994,3.5,0.994,0.3124282668415964,3.1041510962301913,-6.625789767057283,0.0,0.0,0.0,0.0,0.0,0.0,240.0,120.0,0.0,10.0,10.0,120.0,120.0,2.0,0.0,1.0,0.9,0.5,22.8,18.335063460327877,0.2816420781269771,6.356347947063176,-137.99457305131173,-39.92638720824976,0.0,0.0,0.0,0.0,5.342399109364969,0.994,3.5,0.994,5.192254588912856,-4.373098971128213,1.3424963610596046,0.0,0.0,0.0,0.0,0.0,0.0,240.0,120.0,0.0,10.0,10.0,120.0,120.0,2.0,0.0,1.0,0.9,0.5,59.32180088998099
36,36,240.0,200.0,15.0,5.0,1.0,0.9,0.9,0.0,3.0,3.0,0.0,0.0,0.0,0.0,28.2,24.259781042779224,5.743098034127432,12.47601291688041,-516.7326866591742,309.80618369575876,0.0,0.0,0.0,0.0,5.342399109364969,0.994,3.5,0.994,6.924769056883998,3.5278457417975115,1.7496432900513772,0.0,0.0,0.0,0.0,0.0,0.0,240.0,120.0,0.0,10.0,10.0,120.0,120.0,2.0,0.0,1.0,0.9,0.5,20.4,15.300504925675208,4.68014430180032,13.846872697794925,14.725084526008708,456.50884115797083,0.0,0.0,0.0,0.0,5.342399109364969,0.994,3.5,0.994,-5.950534999648187,-2.98128510630159,1.5707816662347993,0.0,0.0,0.0,0.0,0.0,0.0,240.0,120.0,0.0,10.0,10.0,120.0,120.0,2.0,0.0,1.0,0.9,0.5,60.90276268002214
37,37,240.0,200.0,15.0,5.0,1.0,0.9,0.9,0.0,3.0,3.0,0.0,0.0,0.0,0.0,28.2,18.28697827412905,2.8146111308456443,10.289997721536075,419.97862838867167,-142.43815650747763,0.0,0.0,0.0,0.0,5.342399109364969,0.994,3.5,0.994,6.2805095370842166,-9.325126977242816,1.6442535267563307,0.0,0.0,0.0,0.0,0.0,0.0,240.0,120.0,0.0,10.0,10.0,120.0,120.0,2.0,0.0,1.0,0.9,0.5,30.0,18.242112389476052,5.786032316913364,15.12396660116563,-396.5786967046343,215.18817376336654,0.0,0.0,0.0,0.0,5.342399109364969,0.994,3.5,0.994,0.89439582185697,13.511113696795023,5.7988155456853665,0.0,0.0,0.0,0.0,0.0,0.0,240.0,120.0,0.0,10.0,10.0,120.0,120.0,2.0,0.0,1.0,0.9,0.5,170.24989311743764
38,38,240.0,200.0,15.0,5.0,1.0,0.9,0.9,0.0,3.0,3.0,0.0,0.0,0.0,0.0,26.7,19.26916043079554,3.5041301689666207,16.02537608964912,375.814745370496,142.5475310224598,0.0,0.0,0.0,0.0,5.342399109364969,0.994,3.5,0.994,-0.6121140635416632,3.049842796349153,-0.2325006802632019,0.0,0.0,0.0,0.0,0.0,0.0,240.0,120.0,0.0,10.0,10.0,120.0,120.0,2.0,0.0,1.0,0.9,0.5,15.0,5.630992921179452,2.8929259785622774,15.533300520590135,381.1089731658548,-96.77200857675362,0.0,0.0,0.0,0.0,5.342399109364969,0.994,3.5,0.994,-13.641067242330298,-0.2891082712252127,-1.8405119756028907,0.0,0.0,0.0,0.0,0.0,0.0,240.0,120.0,0.0,10.0,10.0,120.0,120.0,2.0,0.0,1.0,0.9,0.5,35.01942053087923
39,39,240.0,200.0,15.0,5.0,1.0,0.9,0.9,0.0,3.0,3.0,0.0,0.0,0.0,0.0,29.2,20.508282474695093,2.0593447888418144,8.86073919413474,125.59203662260191,-236.28618973864667,0.0,0.0,0.0,0.0,5.342399109364969,0.994,3.5,0.994,1.6801902310552215,0.2740558308167953,-1.8063143569956672,0.0,0.0,0.0,0.0,0.0,0.0,240.0,120.0,0.0,10.0,10.0,120.0,120.0,2.0,0.0,1.0,0.9,0.5,32.8,24.822425658003738,5.549730160765105,19.891424730924413,-643.059380639748,579.4988439894191,0.0,0.0,0.0,0.0,5.342399109364969,0.994,3.5,0.994,-14.497210198697992,2.3010670773017723,0.34895216337164386,0.0,0.0,0.0,0.0,0.0,0.0,240.0,120.0,0.0,10.0,10.0,120.0,120.0,2.0,0.0,1.0,0.9,0.5,160.01564931459535
40,40,240.0,200.0,15.0,5.0,1.0,0.9,0.9,0.0,3.0,3.0,0.0,0.0,0.0,0.0,25.7,14.215607864133615,3.190840285129856,11.399839321520446,516.8814195749989,25.475784753653606,0.0,0.0,0.0,0.0,5.342399109364969,0.994,3.5,0.994,-2.2835776471178795,1.340842607816042,3.1385807029457147,0.0,0.0,0.0,0.0,0.0,0.0,240.0,120.0,0.0,10.0,10.0,120.0,120.0,2.0,0.0,1.0,0.9,0.5,13.6,5.009743472776548,6.243264769767689,18.05932193820511,-893.8463950395135,35.70179584965637,0.0,0.0,0.0,0.0,5.342399109364969,0.994,3.5,0.994,-7.006096127855187,-1.4229190426853942,6.871989832058515,0.0,0.0,0.0,0.0,0.0,0.0,240.0,120.0,0.0,10.0,10.0,120.0,120.0,2.0,0.0,1.0,0.9,0.5,174.8910402521432
41,41,240.0,200.0,15.0,5.0,1.0,0.9,0.9,0.0,3.0,3.0,0.0,0.0,0.0,0.0,20.1,15.605897072338307,5.8540723927874865,16.451834717888502,-518.199485782618,237.10102982705908,0.0,0.0,0.0,0.0,5.342399109364969,0.994,3.5,0.994,3.263481781040563,3.385040484410464,-1.3338163861888697,0.0,0.0,0.0,0.0,0.0,0.0,240.0,120.0,0.0,10.0,10.0,120.0,120.0,2.0,0.0,1.0,0.9,0.5,27.3,23.05418648365001,0.9788307293414488,9.542359159555595,-194.95293652754745,-289.93328864048937,0.0,0.0,0.0,0.0,5.342399109364969,0.994,3.5,0.994,2.316762407954579,6.921138184114085,2.390466910279458,0.0,0.0,0.0,0.0,0.0,0.0,240.0,120.0,0.0,10.0,10.0,120.0,120.0,2.0,0.0,1.0,0.9,0.5,80.66922857820315
42,42,240.0,200.0,15.0,5.0,1.0,0.9,0.9,0.0,3.0,3.0,0.0,0.0,0.0,0.0,18.9,12.098837920918829,3.3602319778737857,9.5860354373896,466.0150692119316,103.54441857306595,0.0,0.0,0.0,0.0,5.342399109364969,0.994,3.5,0.994,-1.5204579796607438,-3.8598093322116074,3.74768936537127,0.0,0.0,0.0,0.0,0.0,0.0,240.0,120.0,0.0,10.0,10.0,120.0,120.0,2.0,0.0,1.0,0.9,0.5,25.7,20.000424644221944,2.2039265934722643,18.43774955577399,285.2012872601943,-388.5999373643968,0.0,0.0,0.0,0.0,5.342399109364969,0.994,3.5,0.994,0.06929877392883582,-4.463110413549354,2.8566305331195236,0.0,0.0,0.0,0.0,0.0,0.0,240.0,120.0,0.0,10.0,10.0,120.0,120.0,2.0,0.0,1.0,0.9,0.5,66.25141835445947
43,43,240.0,200.0,15.0,5.0,1.0,0.9,0.9,0.0,3.0,3.0,0.0,0.0,0.0,0.0,21.1,10.543940827613604,3.0437476081019357,18.760150205295393,518.6795622735116,-50.91280299190777,0.0,0.0,0.0,0.0,5.342399109364969,0.994,3.5,0.994,4.659927423798892,3.580165749054869,1.0872670472731507,0.0,0.0,0.0,0.0,0.0,0.0,240.0,120.0,0.0,10.0,10.0,120.0,120.0,2.0,0.0,1.0,0.9,0.5,18.6,7.806022335395373,3.9373382125785104,10.618621904540479,267.3176961597956,272.9078228236434,0.0,0.0,0.0,0.0,5.342399109364969,0.994,3.5,0.994,-5.1279255728211295,-5.1144840097245945,1.9376137923502,0.0,0.0,0.0,0.0,0.0,0.0,240.0,120.0,0.0,10.0,10.0,120.0,120.0,2.0,0.0,1.0,0.9,0.5,51.19897024905178
44,44,240.0,200.0,15.0,5.0,1.0,0.9,0.9,0.0,3.0,3.0,0.0,0.0,0.0,0.0,23.2,19.871801773252997,2.8947838824094094,14.614915079829244,562.510638748642,-141.72195778310925,0.0,0.0,0.0,0.0,5.342399109364969,0.994,3.5,0.994,-9.235813289055278,10.344988280044367,-1.3471308921633716,0.0,0.0,0.0,0.0,0.0,0.0,240.0,120.0,0.0,10.0,10.0,120.0,120.0,2.0,0.0,1.0,0.9,0.5,32.6,23.646158320419477,1.9333786349026518,10.431822018509752,139.92309428019033,-368.8458101248764,0.0,0.0,0.0,0.0,5.342399109364969,0.994,3.5,0.994,8.820159613427663,-4.809731431724964,-0.23306051128269503,0.0,0.0,0.0,0.0,0.0,0.0,240.0,120.0,0.0,10.0,10.0,120.0,120.0,2.0,0.0,1.0,0.9,0.5,55.08446308386753
45,45,240.0,200.0,15.0,5.0,1.0,0.9,0.9,0.0,3.0,3.0,0.0,0.0,0.0,0.0,30.7,22.53121229732522,3.2465438528449386,15.721166027143537,419.78215743621905,44.219114419298364,0.0,0.0,0.0,0.0,5.342399109364969,0.994,3.5,0.994,1.443860129001398,-0.2975607959625308,-2.055745969681423,0.0,0.0,0.0,0.0,0.0,0.0,240.0,120.0,0.0,10.0,10.0,120.0,120.0,2.0,0.0,1.0,0.9,0.5,23.2,9.046036504859195,3.2889952020328193,8.532515143682113,396.4996237690611,58.872054974032864,0.0,0.0,0.0,0.0,5.342399109364969,0.994,3.5,0.994,1.5022375266976773,-5.2237085591371395,-1.0369872330652128,0.0,0.0,0.0,0.0,0.0,0.0,240.0,120.0,0.0,10.0,10.0,120.0,120.0,2.0,0.0,1.0,0.9,0.5,2.432283143101828
46,46,240.0,200.0,15.0,5.0,1.0,0.9,0.9,0.0,3.0,3.0,0.0,0.0,0.0,0.0,16.4,5.262822559729543,4.558027020984897,8.885602975259122,52.534543129521616,337.626066639061,0.0,0.0,0.0,0.0,5.342399109364969,0.994,3.5,0.994,-0.949357120933695,-2.4916952721323984,-2.206486193787778,0.0,0.0,0.0,0.0,0.0,0.0,240.0,120.0,0.0,10.0,10.0,120.0,120.0,2.0,0.0,1.0,0.9,0.5,29.6,20.518298800953467,2.1711386284999397,12.091047184689675,249.5679763708202,-364.52468537636395,0.0,0.0,0.0,0.0,5.342399109364969,0.994,3.5,0.994,-5.060638449164486,-2.222605162750133,3.3256985032837156,0.0,0.0,0.0,0.0,0.0,0.0,240.0,120.0,0.0,10.0,10.0,120.0,120.0,2.0,0.0,1.0,0.9,0.5,136.75863105815364
47,47,240.0,200.0,15.0,5.0,1.0,0.9,0.9,0.0,3.0,3.0,0.0,0.0,0.0,0.0,22.4,10.45812620011883,6.025499764943095,18.145960479400625,-841.9224921890616,221.88430841714413,0.0,0.0,0.0,0.0,5.342399109364969,0.994,3.5,0.994,1.5817367712589936,1.127701557407292,-1.3718980636857367,0.0,0.0,0.0,0.0,0.0,0.0,240.0,120.0,0.0,10.0,10.0,120.0,120.0,2.0,0.0,1.0,0.9,0.5,26.9,17.176100922643375,3.6430124266207384,13.20406076255853,469.25910674824394,257.2231692644684,0.0,0.0,0.0,0.0,5.342399109364969,0.994,3.5,0.994,-2.169753665037606,-6.377111488030284,-5.851370862828303,0.0,0.0,0.0,0.0,0.0,0.0,240.0,120.0,0.0,10.0,10.0,120.0,120.0,2.0,0.0,1.0,0.9,0.5,136.5064692292281
48,48,240.0,200.0,15.0,5.0,1.0,0.9,0.9,0.0,3.0,3.0,0.0,0.0,0.0,0.0,14.4,3.0550825195533995,3.8775615191364574,14.420265792340905,473.72757070377,429.06670499150323,0.0,0.0,0.0,0.0,5.342399109364969,0.994,3.5,0.994,-0.845500214064408,-3.464419640722799,-0.4205583687605516,0.0,0.0,0.0,0.0,0.0,0.0,240.0,120.0,0.0,10.0,10.0,120.0,120.0,2.0,0.0,1.0,0.9,0.5,22.3,19.969149009943525,2.1360457160112567,17.059823911403033,188.02257044471585,-296.4316163654533,0.0,0.0,0.0,0.0,5.342399109364969,0.994,3.5,0.994,-14.781673271235917,1.9806505730538102,-2.7750944585459445,0.0,0.0,0.0,0.0,0.0,0.0,240.0,120.0,0.0,10.0,10.0,120.0,120.0,2.0,0.0,1.0,0.9,0.5,99.78150547440998
49,49,240.0,200.0,15.0,5.0,1.0,0.9,0.9,0.0,3.0,3.0,0.0,0.0,0.0,0.0,26.3,17.109096094884965,3.2009127403704394,14.452673573366333,582.5284901279657,34.59623001921275,0.0,0.0,0.0,0.0,5.342399109364969,0.994,3.5,0.994,3.0821539453573257,6.576539379499278,3.930536789657534,0.0,0.0,0.0,0.0,0.0,0.0,240.0,120.0,0.0,10.0,10.0,120.0,120.0,2.0,0.0,1.0,0.9,0.5,20.7,8.449594013836165,4.250250026810576,10.825314460357713,142.29814369622466,285.67293111153464,0.0,0.0,0.0,0.0,5.342399109364969,0.994,3.5,0.994,1.951278740715223,-3.4264037738883846,-0.22810879984959323,0.0,0.0,0.0,0.0,0.0,0.0,240.0,120.0,0.0,10.0,10.0,120.0,120.0,2.0,0.0,1.0,0.9,0.5,60.12259779873019
50,50,240.0,200.0,15.0,5.0,1.0,0.9,0.9,0.0,3.0,3.0,0.0,0.0,0.0,0.0,19.4,12.524852414572734,2.5726662824879285,12.439343250937991,487.8371214675128,-311.94982477546466,0.0,0.0,0.0,0.0,5.342399109364969,0.994,3.5,0.994,-5.664096879548222,5.712247126339467,-5.383058197144547,0.0,0.0,0.0,0.0,0.0,0.0,240.0,120.0,0.0,10.0,10.0,120.0,120.0,2.0,0.0,1.0,0.9,0.5,5.0,0.31257227653121156,1.124504261554856,18.20337871853717,-367.34081329212705,-767.7083334083887,0.0,0.0,0.0,0.0,5.342399109364969,0.994,3.5,0.994,0.10818204718439092,5.211710308198067,1.7671067630225163,0.0,0.0,0.0,0.0,0.0,0.0,240.0,120.0,0.0,10.0,10.0,120.0,120.0,2.0,0.0,1.0,0.9,0.5,82.97357185060103
51,51,240.0,200.0,15.0,5.0,1.0,0.9,0.9,0.0,3.0,3.0,0.0,0.0,0.0,0.0,32.2,23.015956539860994,2.0097573642312345,14.283814380716404,163.199577177374,-347.5941120056477,0.0,0.0,0.0,0.0,5.342399109364969,0.994,3.5,0.994,-0.5561858369243426,10.967291606522533,0.07565616766576584,0.0,0.0,0.0,0.0,0.0,0.0,240.0,120.0,0.0,10.0,10.0,120.0,120.0,2.0,0.0,1.0,0.9,0.5,25.2,14.636542514984118,3.6828740265540696,13.862201051578783,468.40949315969897,281.59502482100197,0.0,0.0,0.0,0.0,5.342399109364969,0.994,3.5,0.994,-0.02165715132429983,16.344677790052366,-4.856340487800116,0.0,0.0,0.0,0.0,0.0,0.0,240.0,120.0,0.0,10.0,10.0,120.0,120.0,2.0,0.0,1.0,0.9,0.5,95.86252338411337
52,52,240.0,200.0,15.0,5.0,1.0,0.9,0.9,0.0,3.0,3.0,0.0,0.0,0.0,0.0,30.3,16.855214760767367,6.060187144589479,17.51702519358424,-545.1229717936587,123.61733497438532,0.0,0.0,0.0,0.0,5.342399109364969,0.994,3.5,0.994,0.7784800672664866,1.4549756412368695,7.319342892803835,0.0,0.0,0.0,0.0,0.0,0.0,240.0,120.0,0.0,10.0,10.0,120.0,120.0,2.0,0.0,1.0,0.9,0.5,25.8,14.507048086729075,1.946137342992468,17.696818346672163,306.0710999579581,-776.7898203077201,0.0,0.0,0.0,0.0,5.342399109364969,0.994,3.5,0.994,8.059969745955678,0.6005656536018379,1.5119149674936228,0.0,0.0,0.0,0.0,0.0,0.0,240.0,120.0,0.0,10.0,10.0,120.0,120.0,2.0,0.0,1.0,0.9,0.5,124.28230966185761
53,53,240.0,200.0,15.0,5.0,1.0,0.9,0.9,0.0,3.0,3.0,0.0,0.0,0.0,0.0,23.1,21.39595690388675,5.694719165586276,18.80361587840929,-362.16658371683883,241.6869545514446,0.0,0.0,0.0,0.0,5.342399109364969,0.994,3.5,0.994,0.7974562844140307,4.197253742377057,0.24561872100458454,0.0,0.0,0.0,0.0,0.0,0.0,240.0,120.0,0.0,10.0,10.0,120.0,120.0,2.0,0.0,1.0,0.9,0.5,5.2,0.2793125754430452,4.086959556153792,18.215949793344052,436.9875872358704,605.1306388405488,0.0,0.0,0.0,0.0,5.342399109364969,0.994,3.5,0.994,-2.8352662658384444,-4.68462948090885,8.059284593294777,0.0,0.0,0.0,0.0,0.0,0.0,240.0,120.0,0.0,10.0,10.0,120.0,120.0,2.0,0.0,1.0,0.9,0.5,92.117840092083
54,54,240.0,200.0,15.0,5.0,1.0,0.9,0.9,0.0,3.0,3.0,0.0,0.0,0.0,0.0,22.4,16.1931186930427,2.871251962008299,16.975769269735665,468.33479365301616,-129.78725971759752,0.0,0.0,0.0,0.0,5.342399109364969,0.994,3.5,0.994,2.838018263985139,-3.824464927296258,-5.107401926980233,0.0,0.0,0.0,0.0,0.0,0.0,240.0,120.0,0.0,10.0,10.0,120.0,120.0,2.0,0.0,1.0,0.9,0.5,18.8,12.671358653312803,0.9452955145917007,6.443827233133051,-127.68219432950633,-176.7848561650506,0.0,0.0,0.0,0.0,5.342399109364969,0.994,3.5,0.994,0.0016960007383005024,9.83215318617547,4.12123616830217,0.0,0.0,0.0,0.0,0.0,0.0,240.0,120.0,0.0,10.0,10.0,120.0,120.0,2.0,0.0,1.0,0.9,0.5,110.34917596298074
55,55,240.0,200.0,15.0,5.0,1.0,0.9,0.9,0.0,3.0,3.0,0.0,0.0,0.0,0.0,25.5,18.460056645772596,2.7565008031137577,8.020128766275493,324.0458759629565,-131.34517814745766,0.0,0.0,0.0,0.0,5.342399109364969,0.994,3.5,0.994,3.0966489922393032,7.102582697871626,3.5099021235472936,0.0,0.0,0.0,0.0,0.0,0.0,240.0,120.0,0.0,10.0,10.0,120.0,120.0,2.0,0.0,1.0,0.9,0.5,21.0,9.866099558476623,0.8802939801557053,19.76243663962331,-566.7414215834417,-685.9773197788982,0.0,0.0,0.0,0.0,5.342399109364969,0.994,3.5,0.994,1.4947160437588984,2.6805676464092074,-0.20493581827374485,0.0,0.0,0.0,0.0,0.0,0.0,240.0,120.0,0.0,10.0,10.0,120.0,120.0,2.0,0.0,1.0,0.9,0.5,107.49873244914524
56,56,240.0,200.0,15.0,5.0,1.0,0.9,0.9,0.0,3.0,3.0,0.0,0.0,0.0,0.0,21.5,7.895982500958628,2.0969396730540333,18.213388827834095,330.67895356897884,-569.4017663591216,0.0,0.0,0.0,0.0,5.342399109364969,0.994,3.5,0.994,-0.5024108841455625,-2.6466036207149277,2.0775447907237554,0.0,0.0,0.0,0.0,0.0,0.0,240.0,120.0,0.0,10.0,10.0,120.0,120.0,2.0,0.0,1.0,0.9,0.5,20.1,15.173145601599877,4.147558092817462,10.717011847735016,191.1823413400652,301.6922974720281,0.0,0.0,0.0,0.0,5.342399109364969,0.994,3.5,0.994,-8.418299199841083,8.931846240677064,-3.318717033438143,0.0,0.0,0.0,0.0,0.0,0.0,240.0,120.0,0.0,10.0,10.0,120.0,120.0,2.0,0.0,1.0,0.9,0.5,117.49178084423072
57,57,240.0,200.0,15.0,5.0,1.0,0.9,0.9,0.0,3.0,3.0,0.0,0.0,0.0,0.0,30.5,23.1380709329009,3.5474007504008127,19.473314172286763,821.2942198918386,352.87437324271576,0.0,0.0,0.0,0.0,5.342399109364969,0.994,3.5,0.994,1.3319192707264744,-9.637262680166543,-5.968425362261504,0.0,0.0,0.0,0.0,0.0,0.0,240.0,120.0,0.0,10.0,10.0,120.0,120.0,2.0,0.0,1.0,0.9,0.5,25.8,21.003041126707668,1.814460156468188,13.774439723713476,81.76054946241685,-328.8793868943027,0.0,0.0,0.0,0.0,5.342399109364969,0.994,3.5,0.994,-3.881192742923596,-1.1869572369825945,-3.702265211433514,0.0,0.0,0.0,0.0,0.0,0.0,240.0,120.0,0.0,10.0,10.0,120.0,120.0,2.0,0.0,1.0,0.9,0.5,99.2901821792336
58,58,240.0,200.0,15.0,5.0,1.0,0.9,0.9,0.0,3.0,3.0,0.0,0.0,0.0,0.0,19.5,12.130227437786374,3.6222006790613186,5.866382220077027,220.97980165816026,115.21531325109524,0.0,0.0,0.0,0.0,5.342399109364969,0.994,3.5,0.994,4.948064013124197,2.429104932197717,1.6567837442840871,0.0,0.0,0.0,0.0,0.0,0.0,240.0,120.0,0.0,10.0,10.0,120.0,120.0,2.0,0.0,1.0,0.9,0.5,18.6,8.27078864822922,1.8825015788202661,16.596133717124204,170.93496185263203,-530.5099737606752,0.0,0.0,0.0,0.0,5.342399109364969,0.994,3.5,0.994,0.440354684468714,-3.795031442785859,-3.0681885248441754,0.0,0.0,0.0,0.0,0.0,0.0,240.0,120.0,0.0,10.0,10.0,120.0,120.0,2.0,0.0,1.0,0.9,0.5,99.67741606651904
59,59,240.0,200.0,15.0,5.0,1.0,0.9,0.9,0.0,3.0,3.0,0.0,0.0,0.0,0.0,33.6,22.837722803921874,4.382473378323459,5.658266764695535,61.04928991843386,178.28224224840014,0.0,0.0,0.0,0.0,5.342399109364969,0.994,3.5,0.994,-3.2650851568524906,-2.053802306032331,-5.062787589646869,0.0,0.0,0.0,0.0,0.0,0.0,240.0,120.0,0.0,10.0,10.0,120.0,120.0,2.0,0.0,1.0,0.9,0.5,30.3,23.258991106863423,3.5532788804014235,7.884618975507307,173.28157580232403,75.66122350575299,0.0,0.0,0.0,0.0,5.342399109364969,0.994,3.5,0.994,-3.242910612589398,4.001709991510906,4.466241606568643,0.0,0.0,0.0,0.0,0.0,0.0,240.0,120.0,0.0,10.0,10.0,120.0,120.0,2.0,0.0,1.0,0.9,0.5,47.50934512640194
60,60,240.0,200.0,15.0,5.0,1.0,0.9,0.9,0.0,3.0,3.0,0.0,0.0,0.0,0.0,22.3,16.413602125169163,5.138524158748081,8.526177469814195,-99.18526732846951,218.4930667145411,0.0,0.0,0.0,0.0,5.342399109364969,0.994,3.5,0.994,-1.9370358168307311,-6.884665509451075,-2.817129235011884,0.0,0.0,0.0,0.0,0.0,0.0,240.0,120.0,0.0,10.0,10.0,120.0,120.0,2.0,0.0,1.0,0.9,0.5,26.8,24.43352966589551,3.8267250777632857,14.894712553667807,285.37024085206065,233.20042733940485,0.0,0.0,0.0,0.0,5.342399109364969,0.994,3.5,0.994,3.268254335749996,0.10336468733391233,5.238352187169336,0.0,0.0,0.0,0.0,0.0,0.0,240.0,120.0,0.0,10.0,10.0,120.0,120.0,2.0,0.0,1.0,0.9,0.5,75.16055090956884
61,61,240.0,200.0,15.0,5.0,1.0,0.9,0.9,0.0,3.0,3.0,0.0,0.0,0.0,0.0,29.4,24.27129711315282,5.657678629370076,16.46075258107403,-627.7907551536533,453.4251038791276,0.0,0.0,0.0,0.0,5.342399109364969,0.994,3.5,0.994,3.987576918663523,0.9045929634794181,-2.9563884630255313,0.0,0.0,0.0,0.0,0.0,0.0,240.0,120.0,0.0,10.0,10.0,120.0,120.0,2.0,0.0,1.0,0.9,0.5,22.8,18.683770178626197,2.556368656459945,5.522477281359297,162.12809142287486,-107.43588775691407,0.0,0.0,0.0,0.0,5.342399109364969,0.994,3.5,0.994,4.943692821506456,2.6558917062213947,-0.7150348349970069,0.0,0.0,0.0,0.0,0.0,0.0,240.0,120.0,0.0,10.0,10.0,120.0,120.0,2.0,0.0,1.0,0.9,0.5,177.69197240958218
62,62,240.0,200.0,15.0,5.0,1.0,0.9,0.9,0.0,3.0,3.0,0.0,0.0,0.0,0.0,10.6,1.881743401306878,1.8189583797502502,13.894383549514934,103.2165050723026,-407.35040276988127,0.0,0.0,0.0,0.0,5.342399109364969,0.994,3.5,0.994,-4.025599429945222,2.87043182792902,-2.9650984809803824,0.0,0.0,0.0,0.0,0.0,0.0,240.0,120.0,0.0,10.0,10.0,120.0,120.0,2.0,0.0,1.0,0.9,0.5,12.5,3.8667737282209123,3.0565671090403264,9.590046258021324,221.2367016906663,-18.856232342313465,0.0,0.0,0.0,0.0,5.342399109364969,0.994,3.5,0.994,-1.5601617605566926,4.506648203941439,-2.9399317841391874,0.0,0.0,0.0,0.0,0.0,0.0,240.0,120.0,0.0,10.0,10.0,120.0,120.0,2.0,0.0,1.0,0.9,0.5,70.90975687687019
63,63,240.0,200.0,15.0,5.0,1.0,0.9,0.9,0.0,3.0,3.0,0.0,0.0,0.0,0.0,19.0,9.747121517642844,4.687953248657062,19.930776696489538,10.916917499327184,446.67148444206873,0.0,0.0,0.0,0.0,5.342399109364969,0.994,3.5,0.994,1.7074832899075572,-4.162221848217935,0.022844238472595615,0.0,0.0,0.0,0.0,0.0,0.0,240.0,120.0,0.0,10.0,10.0,120.0,120.0,2.0,0.0,1.0,0.9,0.5,22.7,17.09399049756922,3.017016517449189,18.933997966281183,895.3636905344791,-112.12156281631985,0.0,0.0,0.0,0.0,5.342399109364969,0.994,3.5,0.994,-8.422550834761003,5.262995960632745,-1.3258258686233209,0.0,0.0,0.0,0.0,0.0,0.0,240.0,120.0,0.0,10.0,10.0,120.0,120.0,2.0,0.0,1.0,0.9,0.5,95.7376225315968
64,64,240.0,200.0,15.0,5.0,1.0,0.9,0.9,0.0,3.0,3.0,0.0,0.0,0.0,0.0,21.7,10.843851986748362,3.450101198255953,7.660758138502995,340.5577159773141,108.53022568954789,0.0,0.0,0.0,0.0,5.342399109364969,0.994,3.5,0.994,-5.453025763664465,-6.048793583637741,-1.218473933086382,0.0,0.0,0.0,0.0,0.0,0.0,240.0,120.0,0.0,10.0,10.0,120.0,120.0,2.0,0.0,1.0,0.9,0.5,23.8,14.925718611222369,0.7809959859254414,6.518452613408755,-223.01545952166535,-221.06054550824615,0.0,0.0,0.0,0.0,5.342399109364969,0.994,3.5,0.994,-3.585060023049617,-6.8950179702844006,1.4109704617620087,0.0,0.0,0.0,0.0,0.0,0.0,240.0,120.0,0.0,10.0,10.0,120.0,120.0,2.0,0.0,1.0,0.9,0.5,152.92846374290775
65,65,240.0,200.0,15.0,5.0,1.0,0.9,0.9,0.0,3.0,3.0,0.0,0.0,0.0,0.0,29.8,18.899566709825052,5.297291181042238,6.751101210367805,-87.8888351868833,132.72298853564368,0.0,0.0,0.0,0.0,5.342399109364969,0.994,3.5,0.994,2.354141842007413,-2.3426822202531694,-5.465826918075933,0.0,0.0,0.0,0.0,0.0,0.0,240.0,120.0,0.0,10.0,10.0,120.0,120.0,2.0,0.0,1.0,0.9,0.5,16.1,6.321256864722035,4.872546594565894,5.762867501872496,-40.69032455287964,251.88824043676195,0.0,0.0,0.0,0.0,5.342399109364969,0.994,3.5,0.994,-3.5730734507982773,3.0932101226177733,3.2217727945024954,0.0,0.0,0.0,0.0,0.0,0.0,240.0,120.0,0.0,10.0,10.0,120.0,120.0,2.0,0.0,1.0,0.9,0.5,24.336072176123906
66,66,240.0,200.0,15.0,5.0,1.0,0.9,0.9,0.0,3.0,3.0,0.0,0.0,0.0,0.0,22.8,14.874156361721921,0.8448231203282076,19.524448163333567,-511.38320884859115,-576.0819547373957,0.0,0.0,0.0,0.0,5.342399109364969,0.994,3.5,0.994,1.3209575235611375,5.270487826041907,1.8991515263551044,0.0,0.0,0.0,0.0,0.0,0.0,240.0,120.0,0.0,10.0,10.0,120.0,120.0,2.0,0.0,1.0,0.9,0.5,30.4,22.114280358606774,1.1301371530793818,10.198555320802122,-169.32609226428667,-359.0566207122684,0.0,0.0,0.0,0.0,5.342399109364969,0.994,3.5,0.994,-12.97826349049006,-8.68841283445366,-5.313366543946953,0.0,0.0,0.0,0.0,0.0,0.0,240.0,120.0,0.0,10.0,10.0,120.0,120.0,2.0,0.0,1.0,0.9,0.5,16.34728991249965
67,67,240.0,200.0,15.0,5.0,1.0,0.9,0.9,0.0,3.0,3.0,0.0,0.0,0.0,0.0,27.5,13.611395952300477,5.247100370730449,8.036513725294549,-153.24923242953213,258.75182686879685,0.0,0.0,0.0,0.0,5.342399109364969,0.994,3.5,0.994,5.16914608638582,0.7779100191171083,2.62831719347981,0.0,0.0,0.0,0.0,0.0,0.0,240.0,120.0,0.0,10.0,10.0,120.0,120.0,2.0,0.0,1.0,0.9,0.5,22.3,12.771986416983053,3.7817500336939034,12.222034222250924,408.85550733137313,304.51086937036695,0.0,0.0,0.0,0.0,5.342399109364969,0.994,3.5,0.994,-0.5873383074403579,3.872944919989382,3.793800572799697,0.0,0.0,0.0,0.0,0.0,0.0,240.0,120.0,0.0,10.0,10.0,120.0,120.0,2.0,0.0,1.0,0.9,0.5,83.95838982026677
68,68,240.0,200.0,15.0,5.0,1.0,0.9,0.9,0.0,3.0,3.0,0.0,0.0,0.0,0.0,23.5,12.440602828429151,1.9492429196270522,14.062710607282739,243.75273920768532,-613.0407605585777,0.0,0.0,0.0,0.0,5.342399109364969,0.994,3.5,0.994,-7.319997934573284,-2.575467185285122,-3.4428597892737036,0.0,0.0,0.0,0.0,0.0,0.0,240.0,120.0,0.0,10.0,10.0,120.0,120.0,2.0,0.0,1.0,0.9,0.5,9.0,1.5534431324066,1.9294472225609616,19.054829186122447,260.16852978605516,-694.0355817018565,0.0,0.0,0.0,0.0,5.342399109364969,0.994,3.5,0.994,3.6044266419876827,7.15660645061125,3.9729041073447995,0.0,0.0,0.0,0.0,0.0,0.0,240.0,120.0,0.0,10.0,10.0,120.0,120.0,2.0,0.0,1.0,0.9,0.5,1.1342098944065533
69,69,240.0,200.0,15.0,5.0,1.0,0.9,0.9,0.0,3.0,3.0,0.0,0.0,0.0,0.0,26.3,18.92710322407642,0.3312261417390575,19.520117498448556,-557.8343975298808,-191.83670589320045,0.0,0.0,0.0,0.0,5.342399109364969,0.994,3.5,0.994,1.6411262884835092,11.261950728973096,-4.389241638186416,0.0,0.0,0.0,0.0,0.0,0.0,240.0,120.0,0.0,10.0,10.0,120.0,120.0,2.0,0.0,1.0,0.9,0.5,22.0,15.700283112494807,4.832615278014374,10.798869598356102,-62.732434928951285,519.2698440013869,0.0,0.0,0.0,0.0,5.342399109364969,0.994,3.5,0.994,3.2707322813367368,-0.7794192189478306,-10.69378659107244,0.0,0.0,0.0,0.0,0.0,0.0,240.0,120.0,0.0,10.0,10.0,120.0,120.0,2.0,0.0,1.0,0.9,0.5,102.0894005453854
70,70,240.0,200.0,15.0,5.0,1.0,0.9,0.9,0.0,3.0,3.0,0.0,0.0,0.0,0.0,25.0,22.97148991376764,3.8862525160243484,10.050849956946742,319.2264731669719,294.2217986514366,0.0,0.0,0.0,0.0,5.342399109364969,0.994,3.5,0.994,-0.32603576360970965,3.6696792591093597,2.879920417293405,0.0,0.0,0.0,0.0,0.0,0.0,240.0,120.0,0.0,10.0,10.0,120.0,120.0,2.0,0.0,1.0,0.9,0.5,18.5,8.905522300515305,6.157906045300373,5.582402008510808,-183.70586340865978,23.13569924990072,0.0,0.0,0.0,0.0,5.342399109364969,0.994,3.5,0.994,3.199436039787879,-6.4557053898056145,0.07374969738629047,0.0,0.0,0.0,0.0,0.0,0.0,240.0,120.0,0.0,10.0,10.0,120.0,120.0,2.0,0.0,1.0,0.9,0.5,130.1561597435144
71,71,240.0,200.0,15.0,5.0,1.0,0.9,0.9,0.0,3.0,3.0,0.0,0.0,0.0,0.0,31.4,24.075116987839785,3.4361381221634986,5.175676934810813,227.64678120488014,69.06115573782324,0.0,0.0,0.0,0.0,5.342399109364969,0.994,3.5,0.994,-2.703547957967769,1.660976784860071,0.021826255657621363,0.0,0.0,0.0,0.0,0.0,0.0,240.0,120.0,0.0,10.0,10.0,120.0,120.0,2.0,0.0,1.0,0.9,0.5,16.7,4.136928168191181,1.378994245738532,8.512739374760754,-33.94565292538152,-174.80709065659295,0.0,0.0,0.0,0.0,5.342399109364969,0.994,3.5,0.994,-3.2457955753412007,-6.371340510956451,-2.829495513636508,0.0,0.0,0.0,0.0,0.0,0.0,240.0,120.0,0.0,10.0,10.0,120.0,120.0,2.0,0.0,1.0,0.9,0.5,117.86566197033233
72,72,240.0,200.0,15.0,5.0,1.0,0.9,0.9,0.0,3.0,3.0,0.0,0.0,0.0,0.0,11.9,3.0080003921435945,2.426593149319639,14.791616327467402,335.0021934003864,-290.86878375291735,0.0,0.0,0.0,0.0,5.342399109364969,0.994,3.5,0.994,-1.6243964962985116,-3.54356951435348,-0.3185282444338101,0.0,0.0,0.0,0.0,0.0,0.0,240.0,120.0,0.0,10.0,10.0,120.0,120.0,2.0,0.0,1.0,0.9,0.5,17.0,7.46027289389467,1.5820555034628714,13.883200777317303,6.693800752798081,-594.4944370433701,0.0,0.0,0.0,0.0,5.342399109364969,0.994,3.5,0.994,-1.6948534811815446,-3.0169409703771533,2.427773616554177,0.0,0.0,0.0,0.0,0.0,0.0,240.0,120.0,0.0,10.0,10.0,120.0,120.0,2.0,0.0,1.0,0.9,0.5,48.38844274750695
73,73,240.0,200.0,15.0,5.0,1.0,0.9,0.9,0.0,3.0,3.0,0.0,0.0,0.0,0.0,28.8,22.64573887399682,1.9996669382772534,15.41928918925075,317.45363114768594,-694.259820235622,0.0,0.0,0.0,0.0,5.342399109364969,0.994,3.5,0.994,1.327481758350719,-1.7998115772469256,-4.245039806619171,0.0,0.0,0.0,0.0,0.0,0.0,240.0,120.0,0.0,10.0,10.0,120.0,120.0,2.0,0.0,1.0,0.9,0.5,16.3,4.889149071783277,2.774282208141437,6.364314967883934,171.77777230136934,-66.09531364547487,0.0,0.0,0.0,0.0,5.342399109364969,0.994,3.5,0.994,3.6024010459879894,0.30681446356756725,1.4963794467854357,0.0,0.0,0.0,0.0,0.0,0.0,240.0,120.0,0.0,10.0,10.0,120.0,120.0,2.0,0.0,1.0,0.9,0.5,44.38218570960501
74,74,240.0,200.0,15.0,5.0,1.0,0.9,0.9,0.0,3.0,3.0,0.0,0.0,0.0,0.0,22.7,14.715724349784097,1.3169553914150691,5.546798401209304,-57.16608230153448,-220.3464105366995,0.0,0.0,0.0,0.0,5.342399109364969,0.994,3.5,0.994,4.677413544592667,-3.1522488801047417,-8.918778845844987,0.0,0.0,0.0,0.0,0.0,0.0,240.0,120.0,0.0,10.0,10.0,120.0,120.0,2.0,0.0,1.0,0.9,0.5,27.4,14.378686628230579,2.1838613936422666,19.989020765244504,244.38771360372274,-347.39281496193064,0.0,0.0,0.0,0.0,5.342399109364969,0.994,3.5,0.994,6.854040037007958,3.0644137514543415,3.6925986514230043,0.0,0.0,0.0,0.0,0.0,0.0,240.0,120.0,0.0,10.0,10.0,120.0,120.0,2.0,0.0,1.0,0.9,0.5,49.670055162177164
75,75,240.0,200.0,15.0,5.0,1.0,0.9,0.9,0.0,3.0,3.0,0.0,0.0,0.0,0.0,30.6,22.426392611946618,5.356059733342608,12.940205189637563,-212.4387581823703,283.15159189283736,0.0,0.0,0.0,0.0,5.342399109364969,0.994,3.5,0.994,-7.905313924167844,-7.957206697573996,-3.946966141555383,0.0,0.0,0.0,0.0,0.0,0.0,240.0,120.0,0.0,10.0,10.0,120.0,120.0,2.0,0.0,1.0,0.9,0.5,15.7,6.586968755868382,0.08490692306365036,6.00616925598025,-206.35233176566086,-17.562966750935598,0.0,0.0,0.0,0.0,5.342399109364969,0.994,3.5,0.994,2.024162010506699,-1.5804224375290392,3.0925468353560848,0.0,0.0,0.0,0.0,0.0,0.0,240.0,120.0,0.0,10.0,10.0,120.0,120.0,2.0,0.0,1.0,0.9,0.5,57.985190802492596
76,76,240.0,200.0,15.0,5.0,1.0,0.9,0.9,0.0,3.0,3.0,0.0,0.0,0.0,0.0,24.3,23.236012137617855,6.2533308090349475,5.369252120702407,-111.33850252830293,3.3249430065177066,0.0,0.0,0.0,0.0,5.342399109364969,0.994,3.5,0.994,3.1539244942760445,-4.493609545347275,-0.8937828149287161,0.0,0.0,0.0,0.0,0.0,0.0,240.0,120.0,0.0,10.0,10.0,120.0,120.0,2.0,0.0,1.0,0.9,0.5,8.0,0.6599128385591277,4.7943253625610645,15.520440737577902,-57.16343182967833,696.0943288236784,0.0,0.0,0.0,0.0,5.342399109364969,0.994,3.5,0.994,0.72050587670437,10.584199894301054,-3.992268581716714,0.0,0.0,0.0,0.0,0.0,0.0,240.0,120.0,0.0,10.0,10.0,120.0,120.0,2.0,0.0,1.0,0.9,0.5,83.59485436955384
77,77,240.0,200.0,15.0,5.0,1.0,0.9,0.9,0.0,3.0,3.0,0.0,0.0,0.0,0.0,16.8,9.112571065551398,4.914359650141403,10.291553881788634,-54.37573079707345,265.5551157163689,0.0,0.0,0.0,0.0,5.342399109364969,0.994,3.5,0.994,-3.8413515063969985,12.092563699230885,-2.5858615729202366,0.0,0.0,0.0,0.0,0.0,0.0,240.0,120.0,0.0,10.0,10.0,120.0,120.0,2.0,0.0,1.0,0.9,0.5,23.9,15.645363166585161,3.5222242172792284,12.138678053515116,491.3628580258148,196.61650074368384,0.0,0.0,0.0,0.0,5.342399109364969,0.994,3.5,0.994,-10.910490598567312,2.247225853326176,2.7130302908998827,0.0,0.0,0.0,0.0,0.0,0.0,240.0,120.0,0.0,10.0,10.0,120.0,120.0,2.0,0.0,1.0,0.9,0.5,79.76348481362058
78,78,240.0,200.0,15.0,5.0,1.0,0.9,0.9,0.0,3.0,3.0,0.0,0.0,0.0,0.0,30.5,20.77760280423389,1.7425600914620143,7.508106361636688,35.61717684656691,-205.31814344000298,0.0,0.0,0.0,0.0,5.342399109364969,0.994,3.5,0.994,-0.47328560495376926,7.9087838555514525,2.9300682775512263,0.0,0.0,0.0,0.0,0.0,0.0,240.0,120.0,0.0,10.0,10.0,120.0,120.0,2.0,0.0,1.0,0.9,0.5,17.8,10.028998407634326,1.356241166117494,8.668386479557958,-40.496947552182384,-185.84321589214417,0.0,0.0,0.0,0.0,5.342399109364969,0.994,3.5,0.994,-0.845920981085224,-5.797399091098983,-2.793577604980683,0.0,0.0,0.0,0.0,0.0,0.0,240.0,120.0,0.0,10.0,10.0,120.0,120.0,2.0,0.0,1.0,0.9,0.5,22.134443968270542
79,79,240.0,200.0,15.0,5.0,1.0,0.9,0.9,0.0,3.0,3.0,0.0,0.0,0.0,0.0,22.7,18.52799725056102,1.3306636045318203,17.463866462029905,-154.97141824937037,-632.904834844583,0.0,0.0,0.0,0.0,5.342399109364969,0.994,3.5,0.994,-7.267570875329429,-2.880995120712547,2.8396000893602005,0.0,0.0,0.0,0.0,0.0,0.0,240.0,120.0,0.0,10.0,10.0,120.0,120.0,2.0,0.0,1.0,0.9,0.5,12.7,3.6379580380456003,4.792087161324133,12.98655983795236,-31.83012095411193,398.537321305644,0.0,0.0,0.0,0.0,5.342399109364969,0.994,3.5,0.994,-11.828709757692955,-4.610139152089386,-1.4528914776652644,0.0,0.0,0.0,0.0,0.0,0.0,240.0,120.0,0.0,10.0,10.0,120.0,120.0,2.0,0.0,1.0,0.9,0.5,161.6750390886385
80,80,240.0,200.0,15.0,5.0,1.0,0.9,0.9,0.0,3.0,3.0,0.0,0.0,0.0,0.0,8.9,0.7641035126483366,4.8025472484028375,19.91494788740618,-68.67906387603665,759.6960127490785,0.0,0.0,0.0,0.0,5.342399109364969,0.994,3.5,0.994,-0.5790446382155846,2.1637240702294793,1.5479093912747235,0.0,0.0,0.0,0.0,0.0,0.0,240.0,120.0,0.0,10.0,10.0,120.0,120.0,2.0,0.0,1.0,0.9,0.5,23.1,17.663120314759876,4.773173931349877,5.294434851604643,-9.888191161624501,162.47458744163822,0.0,0.0,0.0,0.0,5.342399109364969,0.994,3.5,0.994,-0.7195206829182529,-6.561757034903921,-0.5120066014713245,0.0,0.0,0.0,0.0,0.0,0.0,240.0,120.0,0.0,10.0,10.0,120.0,120.0,2.0,0.0,1.0,0.9,0.5,1.68296709743418
81,81,240.0,200.0,15.0,5.0,1.0,0.9,0.9,0.0,3.0,3.0,0.0,0.0,0.0,0.0,32.9,24.707968380972865,4.5639377979024545,5.653111961480996,22.87923354070613,152.98576102324873,0.0,0.0,0.0,0.0,5.342399109364969,0.994,3.5,0.994,4.044763688979645,-9.107551085258317,-1.0902016707449607,0.0,0.0,0.0,0.0,0.0,0.0,240.0,120.0,0.0,10.0,10.0,120.0,120.0,2.0,0.0,1.0,0.9,0.5,13.1,4.969177492974201,5.272064787152939,6.744752276324437,-113.51189377450025,181.184765137678,0.0,0.0,0.0,0.0,5.342399109364969,0.994,3.5,0.994,-6.0019572187033265,0.17684024115476596,0.06974219400769036,0.0,0.0,0.0,0.0,0.0,0.0,240.0,120.0,0.0,10.0,10.0,120.0,120.0,2.0,0.0,1.0,0.9,0.5,40.57268784335857
82,82,240.0,200.0,15.0,5.0,1.0,0.9,0.9,0.0,3.0,3.0,0.0,0.0,0.0,0.0,31.3,22.81271811163643,3.1943600085176547,14.4270228798607,547.9949280379642,28.943110859872288,0.0,0.0,0.0,0.0,5.342399109364969,0.994,3.5,0.994,1.6273727966480687,4.109138926900433,-2.975905156961205,0.0,0.0,0.0,0.0,0.0,0.0,240.0,120.0,0.0,10.0,10.0,120.0,120.0,2.0,0.0,1.0,0.9,0.5,13.7,3.5706891198287525,0.20234154646226427,17.02414307762251,-723.5129881778379,-148.42793808536413,0.0,0.0,0.0,0.0,5.342399109364969,0.994,3.5,0.994,6.519411107492495,9.17275438954079,-0.6053720484883645,0.0,0.0,0.0,0.0,0.0,0.0,240.0,120.0,0.0,10.0,10.0,120.0,120.0,2.0,0.0,1.0,0.9,0.5,171.4300301009973
83,83,240.0,200.0,15.0,5.0,1.0,0.9,0.9,0.0,3.0,3.0,0.0,0.0,0.0,0.0,31.1,21.490719337161515,1.5894017173699888,9.934367881483372,7.72224938931944,-415.0065160706147,0.0,0.0,0.0,0.0,5.342399109364969,0.994,3.5,0.994,8.541675428966773,-1.4994744162697933,-3.511673077999987,0.0,0.0,0.0,0.0,0.0,0.0,240.0,120.0,0.0,10.0,10.0,120.0,120.0,2.0,0.0,1.0,0.9,0.5,24.5,16.00907846271093,2.2685976320579337,5.837966771879822,154.15432465304343,-183.83728806841413,0.0,0.0,0.0,0.0,5.342399109364969,0.994,3.5,0.994,-1.3060053929068154,1.0179279077166332,-1.9740590109952676,0.0,0.0,0.0,0.0,0.0,0.0,240.0,120.0,0.0,10.0,10.0,120.0,120.0,2.0,0.0,1.0,0.9,0.5,38.91505937414676
84,84,240.0,200.0,15.0,5.0,1.0,0.9,0.9,0.0,3.0,3.0,0.0,0.0,0.0,0.0,24.4,12.320714953638934,4.114189193558418,12.140235015470292,307.1358563543321,450.6780464507686,0.0,0.0,0.0,0.0,5.342399109364969,0.994,3.5,0.994,2.258053526144083,4.017978578807556,2.360575320806663,0.0,0.0,0.0,0.0,0.0,0.0,240.0,120.0,0.0,10.0,10.0,120.0,120.0,2.0,0.0,1.0,0.9,0.5,26.6,17.430411111417687,0.13703160556193375,6.2806532131957304,-206.71667203944048,-28.505362566123978,0.0,0.0,0.0,0.0,5.342399109364969,0.994,3.5,0.994,4.092970584276911,-4.267645513681773,2.354165687959864,0.0,0.0,0.0,0.0,0.0,0.0,240.0,120.0,0.0,10.0,10.0,120.0,120.0,2.0,0.0,1.0,0.9,0.5,132.12565574937113
85,85,240.0,200.0,15.0,5.0,1.0,0.9,0.9,0.0,3.0,3.0,0.0,0.0,0.0,0.0,14.2,4.70156358167769,3.1962272230852693,10.273557434591732,358.38445351131617,19.599685483366677,0.0,0.0,0.0,0.0,5.342399109364969,0.994,3.5,0.994,1.1276343295696678,5.881237740991079,-2.281358479945116,0.0,0.0,0.0,0.0,0.0,0.0,240.0,120.0,0.0,10.0,10.0,120.0,120.0,2.0,0.0,1.0,0.9,0.5,19.2,13.315840038686162,3.623476391729558,17.982817040529866,661.0842187156953,345.75200170507446,0.0,0.0,0.0,0.0,5.342399109364969,0.994,3.5,0.994,-9.775257881155275,7.619628108251967,4.441097040672012,0.0,0.0,0.0,0.0,0.0,0.0,240.0,120.0,0.0,10.0,10.0,120.0,120.0,2.0,0.0,1.0,0.9,0.5,24.47957416379088
86,86,240.0,200.0,15.0,5.0,1.0,0.9,0.9,0.0,3.0,3.0,0.0,0.0,0.0,0.0,27.5,13.026097629783349,2.1561880977488124,14.24095806656782,384.5304548615783,-580.0713381142409,0.0,0.0,0.0,0.0,5.342399109364969,0.994,3.5,0.994,-0.5230713544478347,1.6816384574385976,2.0492623286920004,0.0,0.0,0.0,0.0,0.0,0.0,240.0,120.0,0.0,10.0,10.0,120.0,120.0,2.0,0.0,1.0,0.9,0.5,16.5,9.57054060082404,1.9630486676880918,18.660573660803387,198.34269987479792,-479.4473410968545,0.0,0.0,0.0,0.0,5.342399109364969,0.994,3.5,0.994,-0.07491950137895004,3.275429245024168,-2.97809773614493,0.0,0.0,0.0,0.0,0.0,0.0,240.0,120.0,0.0,10.0,10.0,120.0,120.0,2.0,0.0,1.0,0.9,0.5,11.066074200041456
87,87,240.0,200.0,15.0,5.0,1.0,0.9,0.9,0.0,3.0,3.0,0.0,0.0,0.0,0.0,12.8,3.9424521068302374,4.470460766081825,7.26849244494103,81.79474970176517,331.47308960983554,0.0,0.0,0.0,0.0,5.342399109364969,0.994,3.5,0.994,4.106332630666068,-0.26723203008010016,0.7500442197024999,0.0,0.0,0.0,0.0,0.0,0.0,240.0,120.0,0.0,10.0,10.0,120.0,120.0,2.0,0.0,1.0,0.9,0.5,23.1,11.238192019102417,0.7932326954836956,13.175523943355625,-369.183990188101,-375.01455687729816,0.0,0.0,0.0,0.0,5.342399109364969,0.994,3.5,0.994,1.898784035704416,-0.38509530106095713,-2.079738147778593,0.0,0.0,0.0,0.0,0.0,0.0,240.0,120.0,0.0,10.0,10.0,120.0,120.0,2.0,0.0,1.0,0.9,0.5,149.31035124769247
88,88,240.0,200.0,15.0,5.0,1.0,0.9,0.9,0.0,3.0,3.0,0.0,0.0,0.0,0.0,22.1,13.602481619381729,5.992494715160954,17.34823919874488,-448.69316385021153,134.23330430980377,0.0,0.0,0.0,0.0,5.342399109364969,0.994,3.5,0.994,1.9723296856363888,-10.539871280268615,1.7466168903988641,0.0,0.0,0.0,0.0,0.0,0.0,240.0,120.0,0.0,10.0,10.0,120.0,120.0,2.0,0.0,1.0,0.9,0.5,10.6,2.0603287061756697,2.3247721493274596,7.32185723431372,174.84106153165337,-186.18921304469163,0.0,0.0,0.0,0.0,5.342399109364969,0.994,3.5,0.994,-8.95953218016125,3.824928349137811,-2.503683951793851,0.0,0.0,0.0,0.0,0.0,0.0,240.0,120.0,0.0,10.0,10.0,120.0,120.0,2.0,0.0,1.0,0.9,0.5,149.85497655284752
89,89,240.0,200.0,15.0,5.0,1.0,0.9,0.9,0.0,3.0,3.0,0.0,0.0,0.0,0.0,12.8,2.500994058054058,2.7411817278296953,8.559050439821494,356.7475838786176,-151.00329084898155,0.0,0.0,0.0,0.0,5.342399109364969,0.994,3.5,0.994,3.3426179248236783,-1.7699200840540263,5.860594420078242,0.0,0.0,0.0,0.0,0.0,0.0,240.0,120.0,0.0,10.0,10.0,120.0,120.0,2.0,0.0,1.0,0.9,0.5,27.7,23.947147292195712,2.6109208483602595,8.571448239311813,189.98261927612344,-111.48556325784568,0.0,0.0,0.0,0.0,5.342399109364969,0.994,3.5,0.994,-2.265116639091663,-4.958570389139439,6.290386062462527,0.0,0.0,0.0,0.0,0.0,0.0,240.0,120.0,0.0,10.0,10.0,120.0,120.0,2.0,0.0,1.0,0.9,0.5,7.463398629260987
90,90,240.0,200.0,15.0,5.0,1.0,0.9,0.9,0.0,3.0,3.0,0.0,0.0,0.0,0.0,20.6,12.946735137144191,2.483894727400469,5.224748117516985,101.56360741342418,-78.4500442644254,0.0,0.0,0.0,0.0,5.342399109364969,0.994,3.5,0.994,-5.25187789930512,7.414565580979159,3.573715485324171,0.0,0.0,0.0,0.0,0.0,0.0,240.0,120.0,0.0,10.0,10.0,120.0,120.0,2.0,0.0,1.0,0.9,0.5,23.6,14.167842791200798,5.768411681604035,10.90714979986075,-262.9237466210985,148.72091127132225,0.0,0.0,0.0,0.0,5.342399109364969,0.994,3.5,0.994,1.952114012481795,6.897568864900506,1.7476798534344218,0.0,0.0,0.0,0.0,0.0,0.0,240.0,120.0,0.0,10.0,10.0,120.0,120.0,2.0,0.0,1.0,0.9,0.5,171.81104078497182
91,91,240.0,200.0,15.0,5.0,1.0,0.9,0.9,0.0,3.0,3.0,0.0,0.0,0.0,0.0,14.2,5.347150596351766,4.806014913865456,8.588367774238865,-25.12857285319622,267.6086083619485,0.0,0.0,0.0,0.0,5.342399109364969,0.994,3.5,0.994,-3.4789045663964218,7.187482923822583,-5.778901689452437,0.0,0.0,0.0,0.0,0.0,0.0,240.0,120.0,0.0,10.0,10.0,120.0,120.0,2.0,0.0,1.0,0.9,0.5,17.6,7.626237510980605,0.9924968630855682,18.788920975578513,-317.63087264774674,-486.6111284968842,0.0,0.0,0.0,0.0,5.342399109364969,0.994,3.5,0.994,7.0664836182793795,2.225933588342136,3.5567442482865057,0.0,0.0,0.0,0.0,0.0,0.0,240.0,120.0,0.0,10.0,10.0,120.0,120.0,2.0,0.0,1.0,0.9,0.5,141.50151059335604
92,92,240.0,200.0,15.0,5.0,1.0,0.9,0.9,0.0,3.0,3.0,0.0,0.0,0.0,0.0,25.5,19.977461085015026,1.8325851347924345,15.108942674231658,172.94207417218522,-645.4559226819513,0.0,0.0,0.0,0.0,5.342399109364969,0.994,3.5,0.994,-1.8740171145879372,-4.390893387639562,-0.8358810438357837,0.0,0.0,0.0,0.0,0.0,0.0,240.0,120.0,0.0,10.0,10.0,120.0,120.0,2.0,0.0,1.0,0.9,0.5,22.8,16.443904707411114,5.8778002812773495,12.744194922377073,-555.3678666569214,238.33911158125946,0.0,0.0,0.0,0.0,5.342399109364969,0.994,3.5,0.994,-2.6274387398373302,-5.090583142506352,-0.20211520477081385,0.0,0.0,0.0,0.0,0.0,0.0,240.0,120.0,0.0,10.0,10.0,120.0,120.0,2.0,0.0,1.0,0.9,0.5,128.2262448840193
93,93,240.0,200.0,15.0,5.0,1.0,0.9,0.9,0.0,3.0,3.0,0.0,0.0,0.0,0.0,29.6,21.76989860003094,4.328460990805555,8.526386132586321,101.05160590756776,250.14351025182805,0.0,0.0,0.0,0.0,5.342399109364969,0.994,3.5,0.994,6.256123510875475,-1.3489848400651836,-0.27745863356221373,0.0,0.0,0.0,0.0,0.0,0.0,240.0,120.0,0.0,10.0,10.0,120.0,120.0,2.0,0.0,1.0,0.9,0.5,25.4,13.071618848879055,2.8797612623349784,9.980014778226401,209.05423880650326,-56.02308533534068,0.0,0.0,0.0,0.0,5.342399109364969,0.994,3.5,0.994,4.972863635896862,-4.778417356962141,1.7086036093365682,0.0,0.0,0.0,0.0,0.0,0.0,240.0,120.0,0.0,10.0,10.0,120.0,120.0,2.0,0.0,1.0,0.9,0.5,83.00438022311238
94,94,240.0,200.0,15.0,5.0,1.0,0.9,0.9,0.0,3.0,3.0,0.0,0.0,0.0,0.0,32.9,23.881586201480754,5.329337612216586,18.52486980861125,-238.88372676648825,336.78208227838604,0.0,0.0,0.0,0.0,5.342399109364969,0.994,3.5,0.994,5.855349275266161,-3.018773211962711,-1.6369044261433694,0.0,0.0,0.0,0.0,0.0,0.0,240.0,120.0,0.0,10.0,10.0,120.0,120.0,2.0,0.0,1.0,0.9,0.5,25.0,10.436835690341871,1.2696141671071552,11.800806589848142,-149.15503669105908,-480.16635471709674,0.0,0.0,0.0,0.0,5.342399109364969,0.994,3.5,0.994,-2.7678408123944096,-3.3934584429705135,1.697998425060521,0.0,0.0,0.0,0.0,0.0,0.0,240.0,120.0,0.0,10.0,10.0,120.0,120.0,2.0,0.0,1.0,0.9,0.5,127.39498060491911
95,95,240.0,200.0,15.0,5.0,1.0,0.9,0.9,0.0,3.0,3.0,0.0,0.0,0.0,0.0,24.8,15.945783694360468,3.719932282373582,7.766790518663175,136.67603710169283,89.22183640416722,0.0,0.0,0.0,0.0,5.342399109364969,0.994,3.5,0.994,-0.1349129427129764,-5.875155609676569,4.886821791916242,0.0,0.0,0.0,0.0,0.0,0.0,240.0,120.0,0.0,10.0,10.0,120.0,120.0,2.0,0.0,1.0,0.9,0.5,22.5,20.630735745502587,4.838122154089032,18.15321921381013,-57.420780322244916,454.2784861038329,0.0,0.0,0.0,0.0,5.342399109364969,0.994,3.5,0.994,-4.867054952267264,-1.2792580192242078,3.6073533526101627,0.0,0.0,0.0,0.0,0.0,0.0,240.0,120.0,0.0,10.0,10.0,120.0,120.0,2.0,0.0,1.0,0.9,0.5,64.06756034357022
